date,temp_mean,precipitation,temp_squared,temp_max,temp_min
2022-01-01,13.6,20.3,184.95999999999998,17.4,11.3
2022-01-02,13.8,11.8,190.44000000000003,18.5,7.8
2022-01-03,-0.6,22.4,0.36,6.9,-5.4
2022-01-04,-4.3,0.0,18.49,0.4,-10.3
2022-01-05,1.2,0.0,1.44,5.7,-4.9
2022-01-06,2.2,0.1,4.840000000000001,4.0,0.4
2022-01-07,-3.4,5.5,11.559999999999999,0.6,-9.1
2022-01-08,-5.0,0.0,25.0,-0.4,-10.6
2022-01-09,3.5,8.9,12.25,8.6,-2.0
2022-01-10,-0.4,0.0,0.16000000000000003,4.0,-3.7
2022-01-11,-4.7,0.0,22.090000000000003,-2.4,-6.4
2022-01-12,0.3,0.0,0.09,8.0,-5.2
2022-01-13,2.6,0.0,6.760000000000001,8.9,-2.5
2022-01-14,3.2,0.1,10.240000000000002,7.7,-0.2
2022-01-15,-4.5,0.0,20.25,-0.6,-7.3
2022-01-16,-4.5,30.2,20.25,5.8,-9.1
2022-01-17,1.7,3.6,2.8899999999999997,7.4,-1.1
2022-01-18,-0.2,0.0,0.04000000000000001,3.3,-3.8
2022-01-19,3.9,0.0,15.209999999999999,10.1,-3.4
2022-01-20,2.1,11.0,4.41,5.9,-4.1
2022-01-21,-5.6,0.0,31.359999999999996,-2.8,-9.1
2022-01-22,-4.7,0.0,22.090000000000003,0.8,-8.9
2022-01-23,-0.9,0.0,0.81,4.8,-5.3
2022-01-24,0.6,0.0,0.36,5.2,-4.2
2022-01-25,2.4,0.0,5.76,8.2,-1.9
2022-01-26,-3.9,0.0,15.209999999999999,-0.1,-6.9
2022-01-27,-3.3,0.1,10.889999999999999,1.9,-7.9
2022-01-28,0.0,3.8,0.0,3.3,-2.4
2022-01-29,-4.9,0.4,24.010000000000005,-0.9,-7.4
2022-01-30,-4.9,0.0,24.010000000000005,-0.1,-9.2
2022-01-31,-2.7,0.0,7.290000000000001,2.3,-5.8
2022-02-01,-1.0,0.0,1.0,5.1,-5.8
2022-02-02,2.6,0.1,6.760000000000001,9.9,-3.3
2022-02-03,8.4,16.5,70.56,13.9,4.6
2022-02-04,8.1,18.8,65.61,15.6,0.1
2022-02-05,-2.0,0.0,4.0,0.3,-5.5
2022-02-06,-2.6,0.0,6.760000000000001,2.7,-6.2
2022-02-07,2.1,7.3,4.41,5.7,-1.5
2022-02-08,1.8,0.0,3.24,6.7,-2.5
2022-02-09,3.7,0.0,13.690000000000001,11.4,-3.7
2022-02-10,6.8,0.0,46.239999999999995,13.8,0.2
2022-02-11,7.7,0.0,59.290000000000006,16.9,-2.2
2022-02-12,10.7,0.2,114.48999999999998,14.9,6.1
2022-02-13,0.6,4.9,0.36,5.8,-4.3
2022-02-14,-3.7,0.0,13.690000000000001,-0.4,-6.1
2022-02-15,-2.3,0.0,5.289999999999999,4.1,-6.6
2022-02-16,3.7,0.0,13.690000000000001,11.0,-2.8
2022-02-17,14.2,0.1,201.64,19.0,7.6
2022-02-18,7.6,2.9,57.76,17.2,-2.2
2022-02-19,0.1,0.0,0.010000000000000002,7.7,-4.3
2022-02-20,-1.1,0.0,1.2100000000000002,4.7,-6.9
2022-02-21,6.8,0.0,46.239999999999995,15.5,-0.7
2022-02-22,13.8,2.9,190.44000000000003,18.8,7.1
2022-02-23,15.1,0.0,228.01,21.4,5.2
2022-02-24,1.9,9.8,3.61,4.1,0.3
2022-02-25,4.7,13.9,22.090000000000003,11.9,0.8
2022-02-26,2.0,0.0,4.0,6.7,-1.8
2022-02-27,4.9,0.0,24.010000000000005,11.1,-0.8
2022-02-28,3.8,0.0,14.44,8.4,-0.6
2022-03-01,6.0,0.0,36.0,13.2,-0.8
2022-03-02,9.2,0.0,84.63999999999999,15.7,2.9
2022-03-03,8.3,0.0,68.89000000000001,11.9,0.8
2022-03-04,0.9,0.0,0.81,6.4,-4.8
2022-03-05,6.9,0.0,47.61000000000001,14.8,0.2
2022-03-06,17.7,11.1,313.28999999999996,23.9,9.4
2022-03-07,19.0,3.9,361.0,24.8,12.8
2022-03-08,7.5,0.0,56.25,10.7,4.8
2022-03-09,5.5,11.8,30.25,7.2,3.3
2022-03-10,5.5,0.0,30.25,10.2,0.6
2022-03-11,7.8,0.0,60.839999999999996,15.1,1.1
2022-03-12,0.8,15.5,0.6400000000000001,7.7,-5.2
2022-03-13,-0.9,0.0,0.81,6.5,-7.2
2022-03-14,6.2,0.0,38.440000000000005,15.2,-3.0
2022-03-15,11.5,0.0,132.25,20.6,3.1
2022-03-16,12.4,0.0,153.76000000000002,20.9,3.8
2022-03-17,11.7,9.7,136.89,15.9,9.2
2022-03-18,14.7,0.0,216.08999999999997,22.5,7.0
2022-03-19,17.1,0.1,292.41,23.1,13.1
2022-03-20,11.2,0.0,125.43999999999998,13.8,8.6
2022-03-21,12.1,0.0,146.41,19.6,4.9
2022-03-22,11.8,0.0,139.24,17.5,6.6
2022-03-23,9.6,17.2,92.16,12.4,6.7
2022-03-24,14.1,13.5,198.81,17.4,10.6
2022-03-25,11.8,0.0,139.24,16.5,7.1
2022-03-26,8.0,0.5,64.0,11.1,4.0
2022-03-27,3.3,0.0,10.889999999999999,6.3,-0.6
2022-03-28,-0.5,0.2,0.25,2.5,-3.8
2022-03-29,0.1,0.0,0.010000000000000002,6.8,-5.4
2022-03-30,6.7,0.1,44.89,14.9,-1.4
2022-03-31,17.1,6.3,292.41,22.0,9.9
2022-04-01,10.2,1.5,104.03999999999999,15.4,5.2
2022-04-02,7.1,0.0,50.41,12.4,1.3
2022-04-03,9.6,0.7,92.16,13.9,5.2
2022-04-04,7.8,0.0,60.839999999999996,14.0,0.9
2022-04-05,9.6,21.5,92.16,12.2,6.9
2022-04-06,12.7,6.8,161.29,17.0,10.1
2022-04-07,10.1,15.3,102.00999999999999,12.2,8.8
2022-04-08,11.0,2.7,121.0,16.5,4.9
2022-04-09,8.6,1.0,73.96,12.6,4.2
2022-04-10,7.1,0.0,50.41,12.1,2.8
2022-04-11,9.4,0.0,88.36000000000001,17.5,0.6
2022-04-12,16.8,0.3,282.24,23.8,10.4
2022-04-13,19.9,0.0,396.00999999999993,28.4,10.6
2022-04-14,20.1,1.4,404.01000000000005,26.8,11.2
2022-04-15,14.6,0.0,213.16,20.6,7.5
2022-04-16,17.6,2.2,309.76000000000005,25.5,12.7
2022-04-17,9.7,0.2,94.08999999999999,12.1,6.3
2022-04-18,6.0,16.0,36.0,7.6,4.2
2022-04-19,7.2,0.6,51.84,11.5,3.2
2022-04-20,8.7,0.0,75.68999999999998,15.4,1.9
2022-04-21,12.9,0.0,166.41,18.3,6.0
2022-04-22,16.4,0.0,268.96,22.8,9.9
2022-04-23,16.0,0.0,256.0,23.8,8.8
2022-04-24,17.4,0.0,302.75999999999993,25.4,9.8
2022-04-25,15.1,0.0,228.01,22.7,10.1
2022-04-26,15.2,5.9,231.04,22.5,10.8
2022-04-27,10.5,0.0,110.25,14.6,6.0
2022-04-28,7.8,0.0,60.839999999999996,14.6,1.4
2022-04-29,11.2,0.0,125.43999999999998,17.9,3.0
2022-04-30,12.1,0.0,146.41,19.8,4.6
2022-05-01,14.1,6.8,198.81,20.6,8.3
2022-05-02,18.7,0.0,349.69,27.0,12.1
2022-05-03,17.0,0.9,289.0,24.0,12.4
2022-05-04,18.2,3.3,331.23999999999995,26.2,12.9
2022-05-05,16.2,0.0,262.44,19.1,11.9
2022-05-06,14.2,34.1,201.64,16.5,10.8
2022-05-07,10.0,34.4,100.0,12.2,7.5
2022-05-08,9.0,0.0,81.0,12.4,6.7
2022-05-09,12.3,0.0,151.29000000000002,19.4,5.4
2022-05-10,14.5,0.0,210.25,21.1,8.1
2022-05-11,15.7,0.0,246.48999999999998,21.5,9.8
2022-05-12,17.2,0.0,295.84,22.6,11.8
2022-05-13,18.7,15.9,349.69,23.5,16.2
2022-05-14,18.4,19.7,338.55999999999995,20.6,16.4
2022-05-15,20.4,1.1,416.15999999999997,25.8,16.3
2022-05-16,19.9,15.9,396.00999999999993,26.9,15.9
2022-05-17,19.5,0.0,380.25,26.0,12.4
2022-05-18,17.6,0.2,309.76000000000005,23.6,10.9
2022-05-19,21.3,3.0,453.69000000000005,28.6,15.2
2022-05-20,24.7,0.0,610.0899999999999,33.0,16.5
2022-05-21,27.8,0.0,772.84,32.7,22.5
2022-05-22,24.8,5.8,615.0400000000001,33.0,20.8
2022-05-23,18.9,1.3,357.2099999999999,23.6,15.4
2022-05-24,15.7,12.8,246.48999999999998,17.6,14.4
2022-05-25,16.8,0.2,282.24,20.5,13.4
2022-05-26,18.4,0.3,338.55999999999995,23.2,13.2
2022-05-27,20.0,16.8,400.0,22.6,17.9
2022-05-28,20.9,0.8,436.80999999999995,25.7,16.5
2022-05-29,21.5,0.0,462.25,26.9,14.7
2022-05-30,24.8,0.2,615.0400000000001,31.4,17.5
2022-05-31,27.1,0.0,734.4100000000001,34.6,18.2
2022-06-01,28.4,0.0,806.56,34.8,21.2
2022-06-02,24.6,13.3,605.1600000000001,33.4,20.7
2022-06-03,21.7,0.0,470.89,26.5,17.7
2022-06-04,22.3,0.0,497.29,29.2,15.3
2022-06-05,20.5,0.0,420.25,25.8,16.0
2022-06-06,21.0,0.0,441.0,27.3,14.5
2022-06-07,21.8,2.5,475.24,28.0,16.5
2022-06-08,23.5,32.1,552.25,29.5,18.5
2022-06-09,23.9,0.2,571.2099999999999,28.6,18.1
2022-06-10,21.7,0.0,470.89,28.1,14.4
2022-06-11,20.2,3.7,408.03999999999996,24.7,17.5
2022-06-12,21.6,4.1,466.56000000000006,27.8,16.8
2022-06-13,25.4,0.3,645.16,32.2,19.5
2022-06-14,23.8,4.1,566.44,28.2,20.5
2022-06-15,25.3,0.0,640.09,31.9,18.5
2022-06-16,24.5,0.8,600.25,30.2,22.0
2022-06-17,28.2,0.0,795.24,34.5,22.1
2022-06-18,21.9,0.0,479.60999999999996,25.3,18.6
2022-06-19,19.8,0.0,392.04,25.9,13.6
2022-06-20,20.9,0.0,436.80999999999995,27.6,12.8
2022-06-21,22.9,0.2,524.41,31.7,15.9
2022-06-22,23.4,34.1,547.56,29.6,19.1
2022-06-23,20.2,18.6,408.03999999999996,23.0,18.1
2022-06-24,21.4,0.0,457.9599999999999,27.5,15.4
2022-06-25,24.8,0.1,615.0400000000001,31.4,18.0
2022-06-26,25.2,0.5,635.04,32.1,19.9
2022-06-27,23.7,4.6,561.6899999999999,26.8,21.5
2022-06-28,22.3,0.0,497.29,27.8,15.9
2022-06-29,24.4,0.0,595.3599999999999,31.1,16.9
2022-06-30,25.9,0.0,670.81,32.7,17.9
2022-07-01,26.8,7.5,718.24,33.6,21.6
2022-07-02,26.3,28.0,691.69,33.5,22.1
2022-07-03,25.2,0.8,635.04,31.9,21.0
2022-07-04,24.9,0.0,620.0099999999999,30.6,18.6
2022-07-05,25.0,5.2,625.0,33.2,20.8
2022-07-06,27.3,27.3,745.2900000000001,35.4,21.7
2022-07-07,24.2,7.4,585.64,28.5,22.0
2022-07-08,24.9,7.3,620.0099999999999,31.0,20.6
2022-07-09,22.1,54.8,488.4100000000001,23.1,20.5
2022-07-10,22.6,0.1,510.76000000000005,26.7,19.0
2022-07-11,22.7,0.0,515.29,28.1,17.5
2022-07-12,25.2,2.5,635.04,33.5,19.7
2022-07-13,26.0,4.0,676.0,32.3,21.4
2022-07-14,25.1,0.1,630.0100000000001,30.5,19.5
2022-07-15,24.5,0.3,600.25,30.1,19.2
2022-07-16,23.2,10.5,538.24,27.8,19.8
2022-07-17,24.3,4.2,590.49,30.3,20.7
2022-07-18,26.1,8.3,681.21,33.2,23.0
2022-07-19,26.6,0.4,707.5600000000001,32.5,21.7
2022-07-20,27.5,0.0,756.25,32.8,21.0
2022-07-21,28.4,1.1,806.56,33.8,24.4
2022-07-22,28.4,0.3,806.56,34.7,22.8
2022-07-23,28.6,0.0,817.96,35.2,22.5
2022-07-24,28.5,0.0,812.25,35.0,21.5
2022-07-25,27.5,10.8,756.25,34.5,23.3
2022-07-26,24.3,6.2,590.49,27.6,22.1
2022-07-27,25.5,0.6,650.25,30.6,21.0
2022-07-28,27.1,1.7,734.4100000000001,32.5,22.5
2022-07-29,24.3,25.6,590.49,28.1,22.4
2022-07-30,25.2,0.5,635.04,30.3,20.2
2022-07-31,23.4,11.3,547.56,28.9,18.8
2022-08-01,24.2,5.3,585.64,29.4,20.4
2022-08-02,26.0,0.7,676.0,31.3,21.1
2022-08-03,26.5,0.0,702.25,32.0,20.7
2022-08-04,26.9,18.4,723.6099999999999,33.6,22.6
2022-08-05,25.6,23.3,655.3600000000001,30.8,22.1
2022-08-06,25.6,6.5,655.3600000000001,30.6,21.8
2022-08-07,26.5,6.5,702.25,31.0,23.2
2022-08-08,27.7,0.0,767.29,32.8,23.1
2022-08-09,28.6,3.8,817.96,35.2,23.4
2022-08-10,25.3,25.9,640.09,30.2,23.1
2022-08-11,25.1,2.5,630.0100000000001,30.4,22.0
2022-08-12,23.5,0.0,552.25,27.8,19.1
2022-08-13,21.6,0.0,466.56000000000006,27.5,15.8
2022-08-14,22.3,6.0,497.29,27.6,17.6
2022-08-15,21.2,2.6,449.44,26.3,18.4
2022-08-16,21.9,0.0,479.60999999999996,26.8,18.0
2022-08-17,21.2,1.4,449.44,27.1,16.7
2022-08-18,22.3,0.0,497.29,28.9,16.7
2022-08-19,23.8,1.3,566.44,30.3,17.7
2022-08-20,24.8,0.0,615.0400000000001,30.9,19.4
2022-08-21,24.0,5.4,576.0,29.0,20.8
2022-08-22,23.0,14.4,529.0,27.3,20.9
2022-08-23,24.0,0.3,576.0,29.8,19.2
2022-08-24,24.8,0.0,615.0400000000001,30.8,18.8
2022-08-25,24.5,9.4,600.25,30.5,18.9
2022-08-26,25.2,5.1,635.04,32.4,20.8
2022-08-27,25.4,0.0,645.16,30.7,20.8
2022-08-28,25.8,0.1,665.64,30.9,20.4
2022-08-29,26.4,0.1,696.9599999999999,31.6,22.3
2022-08-30,26.2,2.0,686.4399999999999,33.8,22.5
2022-08-31,24.3,0.0,590.49,30.0,19.6
2022-09-01,24.5,0.0,600.25,31.1,18.3
2022-09-02,24.3,0.0,590.49,30.2,19.1
2022-09-03,24.8,0.7,615.0400000000001,29.9,20.4
2022-09-04,25.8,0.6,665.64,31.9,20.8
2022-09-05,23.6,13.8,556.96,26.9,22.1
2022-09-06,24.0,35.3,576.0,29.0,21.5
2022-09-07,21.2,15.5,449.44,23.0,19.6
2022-09-08,21.8,0.0,475.24,26.4,18.2
2022-09-09,21.4,0.0,457.9599999999999,27.5,16.1
2022-09-10,21.2,2.9,449.44,25.7,15.4
2022-09-11,22.8,18.9,519.84,26.9,20.9
2022-09-12,22.9,22.5,524.41,25.9,21.0
2022-09-13,22.0,0.1,484.0,27.0,18.1
2022-09-14,20.3,0.0,412.09000000000003,26.5,14.8
2022-09-15,20.9,0.0,436.80999999999995,26.4,15.8
2022-09-16,19.4,0.0,376.35999999999996,26.5,12.9
2022-09-17,20.1,0.0,404.01000000000005,26.8,14.1
2022-09-18,21.9,0.0,479.60999999999996,29.0,15.6
2022-09-19,23.4,0.0,547.56,29.5,16.5
2022-09-20,23.2,0.0,538.24,28.7,19.0
2022-09-21,22.5,0.0,506.25,28.9,15.8
2022-09-22,21.4,1.3,457.9599999999999,24.7,15.3
2022-09-23,15.3,0.0,234.09000000000003,19.6,11.4
2022-09-24,15.1,0.2,228.01,20.3,10.4
2022-09-25,19.0,7.0,361.0,26.3,15.1
2022-09-26,18.6,0.0,345.96000000000004,24.1,13.9
2022-09-27,17.2,0.0,295.84,22.0,12.9
2022-09-28,14.8,0.0,219.04000000000002,21.3,9.1
2022-09-29,15.4,0.0,237.16000000000003,20.2,10.9
2022-09-30,13.6,19.8,184.95999999999998,16.2,12.0
2022-10-01,15.5,26.8,240.25,20.6,12.9
2022-10-02,13.4,13.2,179.56,15.4,11.2
2022-10-03,9.8,12.4,96.04000000000002,11.5,8.1
2022-10-04,10.6,2.5,112.36,14.0,8.5
2022-10-05,13.8,3.8,190.44000000000003,20.0,10.1
2022-10-06,16.4,0.0,268.96,23.5,10.6
2022-10-07,17.7,0.8,313.28999999999996,25.2,11.1
2022-10-08,11.3,0.1,127.69000000000001,14.5,7.2
2022-10-09,10.3,0.0,106.09000000000002,16.7,4.7
2022-10-10,11.9,0.0,141.61,18.8,6.0
2022-10-11,13.6,0.0,184.95999999999998,21.4,6.9
2022-10-12,15.3,0.1,234.09000000000003,21.0,9.1
2022-10-13,17.2,16.1,295.84,21.8,13.1
2022-10-14,14.2,2.0,201.64,19.0,10.6
2022-10-15,15.1,0.0,228.01,23.0,8.8
2022-10-16,15.4,2.0,237.16000000000003,20.8,9.9
2022-10-17,15.2,0.2,231.04,20.2,10.1
2022-10-18,8.6,0.0,73.96,12.2,4.7
2022-10-19,7.5,0.0,56.25,12.4,3.1
2022-10-20,9.0,0.0,81.0,15.1,3.2
2022-10-21,10.0,0.0,100.0,17.4,3.5
2022-10-22,11.7,0.0,136.89,19.6,5.2
2022-10-23,12.2,12.1,148.83999999999997,17.0,7.2
2022-10-24,14.9,2.1,222.01000000000002,17.8,12.4
2022-10-25,15.7,0.2,246.48999999999998,19.1,12.8
2022-10-26,15.6,0.5,243.35999999999999,19.1,12.7
2022-10-27,13.1,0.0,171.60999999999999,17.7,9.2
2022-10-28,10.2,0.0,104.03999999999999,14.9,6.7
2022-10-29,10.3,0.0,106.09000000000002,15.7,5.4
2022-10-30,9.8,0.0,96.04000000000002,15.6,3.0
2022-10-31,13.7,16.0,187.68999999999997,18.6,8.9
2022-11-01,16.8,0.0,282.24,22.0,11.9
2022-11-02,14.8,0.0,219.04000000000002,20.0,10.8
2022-11-03,13.5,0.0,182.25,19.0,9.2
2022-11-04,14.9,0.0,222.01000000000002,21.6,9.1
2022-11-05,19.5,0.2,380.25,24.6,15.0
2022-11-06,20.3,8.6,412.09000000000003,24.1,17.9
2022-11-07,19.4,0.0,376.35999999999996,24.0,14.4
2022-11-08,11.1,0.0,123.21,14.9,7.8
2022-11-09,8.7,0.0,75.68999999999998,13.6,4.8
2022-11-10,12.4,0.1,153.76000000000002,19.0,5.8
2022-11-11,18.1,26.0,327.61000000000007,21.0,13.1
2022-11-12,18.2,3.0,331.23999999999995,21.1,12.6
2022-11-13,7.6,0.0,57.76,11.3,4.2
2022-11-14,4.7,0.0,22.090000000000003,8.9,1.2
2022-11-15,3.6,28.0,12.96,6.1,0.9
2022-11-16,6.3,0.1,39.69,10.3,2.3
2022-11-17,3.0,0.0,9.0,6.8,0.3
2022-11-18,2.6,1.2,6.760000000000001,7.5,-2.4
2022-11-19,1.9,0.0,3.61,6.8,-2.8
2022-11-20,-0.5,0.0,0.25,2.0,-3.7
2022-11-21,1.3,0.0,1.6900000000000002,7.2,-4.6
2022-11-22,3.9,0.0,15.209999999999999,11.4,-1.9
2022-11-23,6.1,0.0,37.209999999999994,13.6,0.4
2022-11-24,5.8,0.0,33.64,13.6,-0.2
2022-11-25,9.2,3.4,84.63999999999999,15.1,5.6
2022-11-26,7.6,0.0,57.76,14.2,2.5
2022-11-27,10.6,6.5,112.36,16.2,6.6
2022-11-28,10.5,0.3,110.25,12.5,8.6
2022-11-29,6.6,0.0,43.559999999999995,11.1,2.0
2022-11-30,9.2,9.5,84.63999999999999,15.5,5.1
2022-12-01,2.6,0.0,6.760000000000001,5.6,-0.5
2022-12-02,2.8,0.0,7.839999999999999,9.2,-3.3
2022-12-03,11.6,10.3,134.56,16.8,7.1
2022-12-04,4.0,0.0,16.0,7.6,0.6
2022-12-05,2.7,0.0,7.290000000000001,9.0,-1.4
2022-12-06,5.9,6.1,34.81,9.6,0.9
2022-12-07,11.3,3.7,127.69000000000001,15.3,9.4
2022-12-08,10.4,0.1,108.16000000000001,13.6,7.9
2022-12-09,4.8,0.1,23.04,8.4,0.9
2022-12-10,2.5,0.0,6.25,5.1,-1.3
2022-12-11,5.0,0.3,25.0,7.4,2.0
2022-12-12,3.7,0.1,13.690000000000001,6.7,0.6
2022-12-13,0.0,0.0,0.0,4.9,-4.2
2022-12-14,0.1,0.0,0.010000000000000002,6.5,-4.2
2022-12-15,3.6,58.0,12.96,7.4,0.4
2022-12-16,5.6,0.9,31.359999999999996,9.8,2.0
2022-12-17,2.6,0.0,6.760000000000001,7.9,-1.0
2022-12-18,1.1,0.0,1.2100000000000002,4.8,-2.0
2022-12-19,0.1,0.0,0.010000000000000002,4.6,-3.3
2022-12-20,-0.9,0.0,0.81,4.1,-4.0
2022-12-21,-0.5,0.0,0.25,6.0,-4.6
2022-12-22,4.6,33.0,21.159999999999997,11.4,-2.0
2022-12-23,-1.9,5.6,3.61,9.9,-11.2
2022-12-24,-9.9,0.0,98.01,-5.6,-14.2
2022-12-25,-5.8,0.0,33.64,0.1,-9.9
2022-12-26,-3.7,0.0,13.690000000000001,1.2,-7.5
2022-12-27,-1.1,0.0,1.2100000000000002,5.2,-5.3
2022-12-28,0.8,0.0,0.6400000000000001,9.2,-3.8
2022-12-29,3.2,0.0,10.240000000000002,11.4,-1.8
2022-12-30,7.4,0.0,54.760000000000005,15.6,1.1
2022-12-31,11.5,10.9,132.25,14.1,8.4
2023-01-01,10.9,0.0,118.81,15.9,6.8
2023-01-02,10.8,0.0,116.64000000000001,17.3,5.8
2023-01-03,14.5,0.0,210.25,18.4,10.2
2023-01-04,14.9,6.2,222.01000000000002,17.3,10.6
2023-01-05,12.3,0.8,151.29000000000002,15.3,8.4
2023-01-06,7.1,0.0,50.41,9.8,3.9
2023-01-07,4.1,0.0,16.81,8.4,0.6
2023-01-08,2.1,1.0,4.41,5.8,-2.0
2023-01-09,3.8,0.5,14.44,7.9,1.1
2023-01-10,2.8,0.1,7.839999999999999,8.4,-2.0
2023-01-11,2.3,0.6,5.289999999999999,7.5,-2.8
2023-01-12,8.0,5.5,64.0,12.1,4.0
2023-01-13,8.1,5.8,65.61,12.2,3.2
2023-01-14,0.9,0.0,0.81,2.6,-1.5
2023-01-15,1.1,0.0,1.2100000000000002,5.8,-2.2
2023-01-16,2.8,0.0,7.839999999999999,10.2,-3.2
2023-01-17,5.3,4.5,28.09,10.4,1.1
2023-01-18,8.0,0.0,64.0,12.4,3.0
2023-01-19,6.4,7.4,40.96000000000001,10.4,4.0
2023-01-20,6.4,0.0,40.96000000000001,9.6,3.1
2023-01-21,3.3,0.0,10.889999999999999,7.3,-0.9
2023-01-22,2.2,8.3,4.840000000000001,5.2,-1.2
2023-01-23,4.5,3.2,20.25,7.5,1.8
2023-01-24,2.7,0.0,7.290000000000001,8.9,-2.2
2023-01-25,4.0,12.2,16.0,8.7,0.1
2023-01-26,5.5,0.0,30.25,8.4,1.0
2023-01-27,1.9,0.0,3.61,6.4,-2.0
2023-01-28,5.1,0.0,26.009999999999998,12.5,0.4
2023-01-29,5.7,1.5,32.49,8.9,3.6
2023-01-30,7.7,0.0,59.290000000000006,14.1,3.5
2023-01-31,4.7,7.8,22.090000000000003,7.1,1.4
2023-02-01,0.7,2.4,0.48999999999999994,3.5,-2.4
2023-02-02,0.7,0.0,0.48999999999999994,5.2,-4.2
2023-02-03,-1.9,0.0,3.61,2.0,-7.8
2023-02-04,-4.7,0.0,22.090000000000003,-0.2,-9.1
2023-02-05,4.3,0.0,18.49,9.8,-1.3
2023-02-06,6.9,0.0,47.61000000000001,11.2,1.4
2023-02-07,3.8,0.0,14.44,9.7,-3.3
2023-02-08,9.9,0.0,98.01,15.8,6.0
2023-02-09,12.7,0.0,161.29,18.5,5.6
2023-02-10,12.1,0.0,146.41,17.1,6.9
2023-02-11,5.4,0.0,29.160000000000004,8.9,2.5
2023-02-12,3.5,12.7,12.25,4.4,2.7
2023-02-13,7.3,5.5,53.29,14.0,2.2
2023-02-14,7.6,0.0,57.76,14.2,0.9
2023-02-15,12.7,0.1,161.29,18.5,8.1
2023-02-16,12.2,8.5,148.83999999999997,16.5,6.8
2023-02-17,10.3,17.8,106.09000000000002,16.8,0.5
2023-02-18,1.4,0.0,1.9599999999999997,7.8,-3.8
2023-02-19,7.8,0.0,60.839999999999996,13.9,1.8
2023-02-20,10.5,0.0,110.25,15.8,6.9
2023-02-21,9.9,5.8,98.01,16.0,5.1
2023-02-22,7.3,1.2,53.29,12.9,3.6
2023-02-23,14.8,0.5,219.04000000000002,23.5,5.4
2023-02-24,10.5,0.0,110.25,16.2,3.2
2023-02-25,1.8,1.5,3.24,4.1,-0.6
2023-02-26,6.7,0.0,44.89,14.1,1.5
2023-02-27,6.0,9.7,36.0,10.8,1.3
2023-02-28,8.3,2.1,68.89000000000001,15.4,4.0
2023-03-01,7.3,0.0,53.29,13.9,0.8
2023-03-02,12.4,7.4,153.76000000000002,18.2,8.1
2023-03-03,6.0,15.7,36.0,10.1,4.0
2023-03-04,9.1,0.8,82.80999999999999,12.5,4.4
2023-03-05,7.8,0.0,60.839999999999996,15.4,-0.2
2023-03-06,6.7,0.0,44.89,13.1,0.6
2023-03-07,6.5,0.0,42.25,10.6,3.0
2023-03-08,4.6,0.0,21.159999999999997,10.1,-0.3
2023-03-09,5.4,0.0,29.160000000000004,11.9,-0.3
2023-03-10,4.7,5.4,22.090000000000003,7.6,2.5
2023-03-11,4.4,0.0,19.360000000000003,8.9,1.1
2023-03-12,2.0,0.9,4.0,5.4,-2.3
2023-03-13,5.2,1.2,27.040000000000003,8.7,3.2
2023-03-14,2.0,0.0,4.0,6.1,-1.1
2023-03-15,3.4,0.0,11.559999999999999,9.2,-1.5
2023-03-16,8.1,0.0,65.61,15.6,0.6
2023-03-17,11.9,3.0,141.61,15.2,8.4
2023-03-18,6.6,0.1,43.559999999999995,10.2,3.0
2023-03-19,0.6,0.0,0.36,4.7,-4.3
2023-03-20,2.9,0.0,8.41,10.4,-4.9
2023-03-21,6.9,0.0,47.61000000000001,15.1,-2.5
2023-03-22,11.6,0.1,134.56,18.1,6.3
2023-03-23,15.2,0.2,231.04,25.8,7.8
2023-03-24,11.7,27.0,136.89,15.5,7.4
2023-03-25,10.0,5.6,100.0,18.0,6.0
2023-03-26,11.9,0.0,141.61,18.1,6.6
2023-03-27,11.6,0.2,134.56,17.9,5.1
2023-03-28,9.5,0.0,90.25,13.4,5.5
2023-03-29,9.1,0.0,82.80999999999999,14.1,3.8
2023-03-30,5.9,0.0,34.81,11.1,-0.2
2023-03-31,10.5,0.1,110.25,17.4,3.3
2023-04-01,16.8,11.8,282.24,23.6,8.1
2023-04-02,8.1,0.0,65.61,12.1,4.5
2023-04-03,12.3,0.0,151.29000000000002,20.9,3.8
2023-04-04,18.0,0.0,324.0,25.1,10.7
2023-04-05,22.0,0.1,484.0,29.2,14.7
2023-04-06,21.4,9.2,457.9599999999999,29.0,15.3
2023-04-07,11.6,0.5,134.56,14.4,8.5
2023-04-08,8.2,0.0,67.24,11.2,5.2
2023-04-09,8.8,0.0,77.44000000000001,15.6,1.7
2023-04-10,10.1,0.0,102.00999999999999,17.2,2.2
2023-04-11,14.5,0.0,210.25,24.1,4.4
2023-04-12,19.4,0.0,376.35999999999996,27.6,12.1
2023-04-13,21.5,0.0,462.25,30.4,13.6
2023-04-14,20.3,0.4,412.09000000000003,26.9,13.7
2023-04-15,19.1,4.7,364.81000000000006,25.1,16.1
2023-04-16,20.4,0.0,416.15999999999997,26.5,12.8
2023-04-17,15.7,1.2,246.48999999999998,20.4,11.1
2023-04-18,14.3,0.0,204.49,20.5,8.6
2023-04-19,13.9,0.0,193.21,23.4,5.2
2023-04-20,18.8,0.0,353.44000000000005,29.2,9.9
2023-04-21,22.2,0.0,492.84,30.9,13.7
2023-04-22,17.5,15.3,306.25,22.5,13.6
2023-04-23,12.9,0.2,166.41,17.5,7.7
2023-04-24,10.6,0.0,112.36,15.2,6.2
2023-04-25,10.6,0.0,112.36,16.3,4.4
2023-04-26,12.4,2.5,153.76000000000002,19.2,6.1
2023-04-27,14.4,0.5,207.36,20.6,7.9
2023-04-28,12.0,49.0,144.0,12.8,11.0
2023-04-29,15.0,1.0,225.0,20.1,11.5
2023-04-30,15.1,16.4,228.01,18.5,12.4
2023-05-01,12.0,1.0,144.0,15.4,7.2
2023-05-02,10.2,1.5,104.03999999999999,13.1,7.8
2023-05-03,8.7,1.6,75.68999999999998,12.6,5.2
2023-05-04,10.3,0.8,106.09000000000002,15.4,5.5
2023-05-05,12.6,0.1,158.76,18.8,6.2
2023-05-06,14.7,0.0,216.08999999999997,21.8,5.9
2023-05-07,16.6,0.8,275.56000000000006,23.8,9.1
2023-05-08,20.4,0.5,416.15999999999997,26.1,14.8
2023-05-09,15.2,3.3,231.04,17.4,10.2
2023-05-10,15.1,0.0,228.01,22.1,7.6
2023-05-11,18.2,0.0,331.23999999999995,26.5,9.6
2023-05-12,20.9,0.0,436.80999999999995,28.4,12.6
2023-05-13,19.1,14.6,364.81000000000006,21.7,16.2
2023-05-14,18.6,0.0,345.96000000000004,25.0,12.3
2023-05-15,16.9,0.0,285.60999999999996,24.1,10.9
2023-05-16,19.4,1.7,376.35999999999996,26.4,13.2
2023-05-17,18.2,0.0,331.23999999999995,22.8,12.6
2023-05-18,14.9,0.0,222.01000000000002,23.1,7.8
2023-05-19,17.2,0.3,295.84,23.6,10.8
2023-05-20,19.2,3.0,368.64,27.8,11.9
2023-05-21,19.1,0.0,364.81000000000006,26.8,11.6
2023-05-22,20.0,0.0,400.0,26.0,12.6
2023-05-23,18.1,0.0,327.61000000000007,23.8,13.2
2023-05-24,19.2,0.0,368.64,27.6,11.0
2023-05-25,16.6,0.0,275.56000000000006,22.1,11.6
2023-05-26,16.9,0.0,285.60999999999996,23.1,9.4
2023-05-27,18.2,0.0,331.23999999999995,24.1,10.3
2023-05-28,17.4,0.2,302.75999999999993,21.0,12.9
2023-05-29,19.1,9.2,364.81000000000006,25.5,15.9
2023-05-30,18.3,0.2,334.89000000000004,24.5,12.9
2023-05-31,18.2,0.0,331.23999999999995,25.5,9.8
2023-06-01,20.8,0.0,432.64000000000004,28.8,11.7
2023-06-02,25.0,0.0,625.0,33.8,15.8
2023-06-03,22.7,0.4,515.29,28.8,15.9
2023-06-04,18.8,0.9,353.44000000000005,25.5,14.4
2023-06-05,19.7,0.0,388.09,27.5,12.1
2023-06-06,22.0,0.0,484.0,29.3,13.6
2023-06-07,20.9,0.0,436.80999999999995,27.4,13.7
2023-06-08,19.4,0.4,376.35999999999996,26.0,13.4
2023-06-09,17.7,4.5,313.28999999999996,23.6,11.9
2023-06-10,21.8,0.0,475.24,30.5,12.6
2023-06-11,24.8,0.0,615.0400000000001,31.4,16.6
2023-06-12,21.8,5.3,475.24,26.2,16.8
2023-06-13,20.7,0.0,428.48999999999995,27.3,13.4
2023-06-14,20.9,0.0,436.80999999999995,26.8,16.2
2023-06-15,21.2,0.0,449.44,28.9,14.1
2023-06-16,20.9,8.4,436.80999999999995,27.1,16.4
2023-06-17,21.7,0.1,470.89,29.5,14.9
2023-06-18,22.8,0.0,519.84,30.3,15.2
2023-06-19,23.6,5.7,556.96,31.5,16.7
2023-06-20,21.8,2.4,475.24,25.4,19.6
2023-06-21,17.2,16.3,295.84,19.2,15.2
2023-06-22,17.5,9.1,306.25,21.3,15.2
2023-06-23,21.1,11.7,445.21000000000004,26.4,17.5
2023-06-24,22.8,33.1,519.84,28.6,19.5
2023-06-25,23.8,3.4,566.44,29.2,19.0
2023-06-26,24.4,7.0,595.3599999999999,30.2,20.1
2023-06-27,22.0,24.6,484.0,28.2,18.8
2023-06-28,22.4,0.8,501.75999999999993,26.9,18.0
2023-06-29,22.8,0.0,519.84,29.6,16.3
2023-06-30,23.4,4.8,547.56,31.2,18.1
2023-07-01,23.7,15.9,561.6899999999999,29.8,19.7
2023-07-02,24.8,1.6,615.0400000000001,30.8,21.3
2023-07-03,25.7,45.7,660.49,32.0,22.2
2023-07-04,25.8,2.6,665.64,31.2,21.4
2023-07-05,26.8,0.0,718.24,32.0,22.0
2023-07-06,26.4,2.0,696.9599999999999,30.5,21.5
2023-07-07,25.3,8.9,640.09,30.1,21.7
2023-07-08,25.3,3.9,640.09,31.0,21.8
2023-07-09,23.5,7.0,552.25,26.6,20.8
2023-07-10,24.0,0.3,576.0,29.5,19.5
2023-07-11,25.3,0.0,640.09,32.0,19.1
2023-07-12,26.2,0.0,686.4399999999999,33.0,19.4
2023-07-13,26.6,7.2,707.5600000000001,34.3,20.4
2023-07-14,25.7,3.7,660.49,31.8,20.6
2023-07-15,25.4,6.4,645.16,30.8,20.6
2023-07-16,25.2,10.4,635.04,30.6,22.5
2023-07-17,26.9,0.0,723.6099999999999,32.8,21.4
2023-07-18,26.6,0.1,707.5600000000001,32.6,20.1
2023-07-19,25.3,1.0,640.09,30.9,22.0
2023-07-20,25.9,0.3,670.81,30.6,20.8
2023-07-21,25.3,1.3,640.09,31.1,20.7
2023-07-22,24.7,0.0,610.0899999999999,30.0,19.5
2023-07-23,24.7,0.3,610.0899999999999,30.5,17.5
2023-07-24,24.0,9.1,576.0,28.9,21.1
2023-07-25,23.9,18.1,571.2099999999999,29.0,21.0
2023-07-26,26.2,0.0,686.4399999999999,33.3,19.6
2023-07-27,28.9,0.5,835.2099999999999,37.3,22.9
2023-07-28,28.8,1.0,829.44,36.9,22.7
2023-07-29,28.8,0.4,829.44,38.2,22.9
2023-07-30,25.7,0.0,660.49,31.1,20.8
2023-07-31,24.3,8.1,590.49,30.5,18.9
2023-08-01,23.3,0.0,542.89,28.8,18.0
2023-08-02,23.1,0.0,533.61,29.0,16.9
2023-08-03,22.0,1.8,484.0,27.8,18.2
2023-08-04,22.3,0.0,497.29,28.2,18.4
2023-08-05,24.6,0.2,605.1600000000001,30.9,18.6
2023-08-06,25.2,9.0,635.04,31.8,20.1
2023-08-07,25.7,5.7,660.49,33.1,22.0
2023-08-08,24.7,0.1,610.0899999999999,30.2,21.1
2023-08-09,24.5,0.2,600.25,30.5,19.4
2023-08-10,22.9,9.0,524.41,26.8,21.0
2023-08-11,25.3,0.2,640.09,31.1,19.3
2023-08-12,26.4,0.1,696.9599999999999,33.0,19.3
2023-08-13,27.2,0.1,739.8399999999999,32.5,22.8
2023-08-14,25.5,12.3,650.25,32.5,20.5
2023-08-15,26.5,2.0,702.25,32.5,21.5
2023-08-16,24.6,0.0,605.1600000000001,29.9,19.6
2023-08-17,25.2,7.2,635.04,30.0,21.0
2023-08-18,24.3,0.0,590.49,29.0,20.6
2023-08-19,21.8,0.0,475.24,28.5,15.6
2023-08-20,23.6,0.0,556.96,31.9,15.4
2023-08-21,26.6,0.0,707.5600000000001,34.0,19.2
2023-08-22,24.6,0.0,605.1600000000001,29.5,18.6
2023-08-23,22.4,0.0,501.75999999999993,28.5,15.8
2023-08-24,24.2,3.0,585.64,29.9,19.9
2023-08-25,26.1,5.1,681.21,33.8,21.8
2023-08-26,26.7,0.8,712.89,32.8,22.2
2023-08-27,25.6,0.1,655.3600000000001,31.5,21.3
2023-08-28,23.1,5.2,533.61,25.7,20.9
2023-08-29,24.1,1.0,580.8100000000001,28.3,21.5
2023-08-30,25.1,0.1,630.0100000000001,30.1,21.6
2023-08-31,22.1,0.0,488.4100000000001,27.5,18.4
2023-09-01,20.7,0.0,428.48999999999995,26.5,15.2
2023-09-02,21.9,0.0,479.60999999999996,29.7,13.8
2023-09-03,27.2,0.0,739.8399999999999,36.1,18.5
2023-09-04,29.4,0.0,864.3599999999999,36.1,23.2
2023-09-05,30.0,0.0,900.0,36.8,23.5
2023-09-06,29.7,0.0,882.0899999999999,36.4,23.5
2023-09-07,26.6,0.4,707.5600000000001,32.5,23.0
2023-09-08,25.9,16.7,670.81,33.5,21.6
2023-09-09,25.0,0.1,625.0,32.7,20.6
2023-09-10,22.2,29.1,492.84,26.5,20.5
2023-09-11,23.3,4.3,542.89,28.0,19.2
2023-09-12,23.4,2.7,547.56,28.4,17.9
2023-09-13,23.2,0.9,538.24,27.5,19.2
2023-09-14,21.0,0.0,441.0,25.9,16.4
2023-09-15,18.3,0.0,334.89000000000004,24.4,13.5
2023-09-16,19.6,0.0,384.1600000000001,26.4,12.9
2023-09-17,18.6,12.2,345.96000000000004,25.2,14.1
2023-09-18,19.7,3.6,388.09,24.6,16.1
2023-09-19,18.8,0.0,353.44000000000005,24.8,13.8
2023-09-20,18.8,0.0,353.44000000000005,25.7,11.9
2023-09-21,19.5,0.0,380.25,25.5,13.6
2023-09-22,18.3,0.9,334.89000000000004,22.2,13.9
2023-09-23,15.7,18.9,246.48999999999998,17.1,14.1
2023-09-24,18.5,13.7,342.25,20.9,16.8
2023-09-25,17.9,0.7,320.40999999999997,20.4,15.6
2023-09-26,15.7,1.9,246.48999999999998,17.1,14.3
2023-09-27,15.7,0.0,246.48999999999998,19.8,12.9
2023-09-28,15.8,0.6,249.64000000000001,20.7,10.6
2023-09-29,17.9,0.0,320.40999999999997,21.2,15.1
2023-09-30,19.0,0.0,361.0,23.6,15.3
2023-10-01,20.0,0.0,400.0,26.2,15.6
2023-10-02,21.1,0.0,445.21000000000004,26.9,16.4
2023-10-03,20.9,0.0,436.80999999999995,27.4,14.4
2023-10-04,19.9,0.0,396.00999999999993,27.0,13.3
2023-10-05,19.1,0.6,364.81000000000006,26.3,12.4
2023-10-06,20.4,0.4,416.15999999999997,23.8,16.9
2023-10-07,15.8,8.4,249.64000000000001,18.9,11.1
2023-10-08,12.4,0.0,153.76000000000002,16.6,9.4
2023-10-09,11.9,0.5,141.61,18.0,5.9
2023-10-10,12.6,0.1,158.76,19.8,6.4
2023-10-11,14.3,0.0,204.49,20.5,8.1
2023-10-12,14.9,0.0,222.01000000000002,22.0,8.9
2023-10-13,14.8,0.0,219.04000000000002,20.6,10.9
2023-10-14,14.0,22.9,196.0,17.5,10.4
2023-10-15,12.0,0.4,144.0,16.4,8.6
2023-10-16,11.5,0.0,132.25,15.5,7.0
2023-10-17,13.1,0.0,171.60999999999999,16.5,9.6
2023-10-18,11.7,0.0,136.89,16.5,6.7
2023-10-19,13.7,0.0,187.68999999999997,21.0,7.1
2023-10-20,14.9,2.3,222.01000000000002,21.0,11.5
2023-10-21,13.6,0.1,184.95999999999998,18.5,10.6
2023-10-22,12.2,1.3,148.83999999999997,15.6,9.4
2023-10-23,9.7,0.0,94.08999999999999,16.4,5.3
2023-10-24,11.7,0.0,136.89,20.0,4.3
2023-10-25,14.8,0.0,219.04000000000002,23.3,8.2
2023-10-26,17.1,0.0,292.41,25.5,9.2
2023-10-27,19.6,0.0,384.1600000000001,26.1,14.4
2023-10-28,21.0,0.0,441.0,27.4,15.4
2023-10-29,19.1,0.1,364.81000000000006,25.7,15.1
2023-10-30,16.0,1.3,256.0,25.9,11.0
2023-10-31,8.8,0.6,77.44000000000001,12.6,3.5
2023-11-01,5.8,0.0,33.64,9.8,2.9
2023-11-02,4.8,0.0,23.04,10.0,0.3
2023-11-03,6.8,0.0,46.239999999999995,14.3,0.6
2023-11-04,10.0,0.0,100.0,18.6,2.4
2023-11-05,12.0,0.5,144.0,20.1,5.5
2023-11-06,11.2,0.0,125.43999999999998,18.1,5.2
2023-11-07,16.5,0.0,272.25,23.4,11.9
2023-11-08,11.7,0.0,136.89,16.3,7.0
2023-11-09,15.6,0.0,243.35999999999999,25.2,9.3
2023-11-10,9.0,8.2,81.0,12.1,4.0
2023-11-11,7.8,0.0,60.839999999999996,14.7,3.8
2023-11-12,6.1,0.0,37.209999999999994,10.2,2.3
2023-11-13,5.8,0.0,33.64,12.6,-0.4
2023-11-14,8.3,0.0,68.89000000000001,13.9,3.0
2023-11-15,7.6,0.0,57.76,14.1,1.9
2023-11-16,10.3,0.0,106.09000000000002,20.0,2.6
2023-11-17,13.3,1.8,176.89000000000001,20.0,7.2
2023-11-18,11.5,1.4,132.25,14.8,6.1
2023-11-19,7.8,0.0,60.839999999999996,14.4,3.1
2023-11-20,5.9,0.0,34.81,9.6,2.5
2023-11-21,8.1,47.2,65.61,13.8,2.4
2023-11-22,10.9,4.3,118.81,14.2,7.9
2023-11-23,8.0,0.0,64.0,12.6,4.8
2023-11-24,6.8,0.0,46.239999999999995,11.7,3.4
2023-11-25,1.5,0.0,2.25,5.3,-2.0
2023-11-26,3.6,4.2,12.96,6.6,-1.0
2023-11-27,4.4,0.0,19.360000000000003,8.6,0.8
2023-11-28,-0.0,0.1,0.0,3.8,-3.5
2023-11-29,-1.1,0.0,1.2100000000000002,3.2,-5.3
2023-11-30,4.1,0.0,16.81,11.8,-3.4
2023-12-01,6.2,6.4,38.440000000000005,9.4,1.1
2023-12-02,11.1,0.8,123.21,16.4,7.2
2023-12-03,12.2,21.9,148.83999999999997,16.0,9.9
2023-12-04,8.0,0.0,64.0,11.4,4.2
2023-12-05,5.1,0.0,26.009999999999998,9.1,0.9
2023-12-06,4.2,1.5,17.64,6.7,1.7
2023-12-07,3.0,0.0,9.0,6.3,-1.5
2023-12-08,5.9,0.0,34.81,12.9,0.1
2023-12-09,6.6,0.0,43.559999999999995,12.6,0.9
2023-12-10,12.6,52.8,158.76,15.1,5.8
2023-12-11,3.6,11.2,12.96,7.8,-1.5
2023-12-12,1.9,0.0,3.61,7.9,-3.8
2023-12-13,3.3,0.0,10.889999999999999,8.1,-0.4
2023-12-14,1.3,0.0,1.6900000000000002,7.1,-3.6
2023-12-15,4.9,0.0,24.010000000000005,12.6,-1.5
2023-12-16,5.8,0.0,33.64,12.4,1.5
2023-12-17,9.0,38.3,81.0,12.6,4.2
2023-12-18,9.0,17.0,81.0,12.2,2.7
2023-12-19,2.2,0.0,4.840000000000001,4.8,-1.2
2023-12-20,0.8,0.0,0.6400000000000001,7.1,-3.6
2023-12-21,2.7,0.0,7.290000000000001,8.1,-1.4
2023-12-22,3.2,0.0,10.240000000000002,8.1,-0.5
2023-12-23,4.0,0.0,16.0,9.1,-1.0
2023-12-24,4.1,0.9,16.81,9.2,0.7
2023-12-25,6.4,0.0,40.96000000000001,12.5,2.5
2023-12-26,7.0,8.0,49.0,8.1,5.8
2023-12-27,9.7,34.5,94.08999999999999,12.6,7.3
2023-12-28,11.0,0.1,121.0,14.6,8.0
2023-12-29,8.3,0.0,68.89000000000001,11.6,6.2
2023-12-30,5.4,0.0,29.160000000000004,8.6,0.9
2023-12-31,4.4,0.0,19.360000000000003,8.8,-0.8
2024-01-01,3.1,2.0,9.610000000000001,5.8,0.3
2024-01-02,2.2,0.0,4.840000000000001,6.2,-0.6
2024-01-03,2.3,0.0,5.289999999999999,7.4,-1.5
2024-01-04,2.8,0.3,7.839999999999999,6.4,-1.4
2024-01-05,-1.3,0.0,1.6900000000000002,4.2,-5.4
2024-01-06,1.3,16.2,1.6900000000000002,5.9,-2.2
2024-01-07,3.7,0.3,13.690000000000001,8.8,-0.4
2024-01-08,3.7,0.0,13.690000000000001,8.4,-0.1
2024-01-09,7.4,38.5,54.760000000000005,14.8,0.9
2024-01-10,7.3,0.7,53.29,12.8,3.5
2024-01-11,4.2,0.0,17.64,10.4,-2.2
2024-01-12,5.6,8.6,31.359999999999996,11.8,-0.6
2024-01-13,6.9,1.2,47.61000000000001,12.2,0.6
2024-01-14,-0.1,0.7,0.010000000000000002,6.8,-3.2
2024-01-15,-2.5,5.7,6.25,-0.9,-4.2
2024-01-16,-3.0,2.2,9.0,-0.8,-8.2
2024-01-17,-7.5,0.0,56.25,-2.8,-10.4
2024-01-18,-2.9,0.0,8.41,3.4,-9.1
2024-01-19,-1.9,6.9,3.61,-0.1,-5.3
2024-01-20,-7.0,0.0,49.0,-4.8,-9.8
2024-01-21,-5.5,0.0,30.25,-0.9,-8.6
2024-01-22,-4.6,0.0,21.159999999999997,2.3,-10.9
2024-01-23,-0.4,0.0,0.16000000000000003,8.4,-5.8
2024-01-24,5.7,0.3,32.49,11.8,-3.0
2024-01-25,15.2,6.5,231.04,18.5,11.4
2024-01-26,17.6,0.4,309.76000000000005,23.0,11.9
2024-01-27,10.2,2.8,104.03999999999999,13.7,6.0
2024-01-28,5.9,28.1,34.81,6.8,4.8
2024-01-29,5.1,0.1,26.009999999999998,8.2,2.8
2024-01-30,4.0,0.0,16.0,6.2,2.0
2024-01-31,3.3,0.2,10.889999999999999,6.8,-0.4
2024-02-01,4.6,0.0,21.159999999999997,11.0,-1.4
2024-02-02,7.2,1.1,51.84,10.4,4.7
2024-02-03,3.2,0.0,10.240000000000002,8.5,-0.9
2024-02-04,2.3,0.0,5.289999999999999,9.2,-3.1
2024-02-05,2.8,0.0,7.839999999999999,8.9,-1.4
2024-02-06,1.1,0.0,1.2100000000000002,5.6,-3.0
2024-02-07,2.3,0.0,5.289999999999999,8.5,-3.4
2024-02-08,3.7,0.0,13.690000000000001,11.6,-2.5
2024-02-09,8.3,0.0,68.89000000000001,16.1,2.5
2024-02-10,10.8,0.6,116.64000000000001,16.2,4.8
2024-02-11,10.1,7.4,102.00999999999999,11.4,8.7
2024-02-12,8.5,1.6,72.25,9.9,6.6
2024-02-13,4.7,23.8,22.090000000000003,8.6,0.9
2024-02-14,2.2,0.0,4.840000000000001,5.9,-2.3
2024-02-15,2.4,0.0,5.76,9.1,-4.6
2024-02-16,4.5,0.0,20.25,7.5,0.5
2024-02-17,0.7,4.7,0.48999999999999994,3.0,-3.2
2024-02-18,0.5,0.0,0.25,8.2,-5.7
2024-02-19,1.7,0.0,2.8899999999999997,7.4,-2.9
2024-02-20,1.2,0.0,1.44,7.7,-3.4
2024-02-21,1.3,0.0,1.6900000000000002,7.8,-4.1
2024-02-22,4.6,0.3,21.159999999999997,12.2,-2.1
2024-02-23,7.3,1.9,53.29,10.2,3.1
2024-02-24,5.5,0.1,30.25,9.9,-0.2
2024-02-25,0.7,0.0,0.48999999999999994,7.2,-5.6
2024-02-26,7.9,0.0,62.410000000000004,17.3,0.3
2024-02-27,12.0,0.5,144.0,17.2,6.4
2024-02-28,14.1,15.6,198.81,18.2,4.7
2024-02-29,2.5,0.0,6.25,7.1,-2.5
2024-03-01,4.2,2.6,17.64,10.4,-3.5
2024-03-02,7.9,18.9,62.410000000000004,11.8,4.7
2024-03-03,10.3,0.0,106.09000000000002,18.1,3.5
2024-03-04,11.8,1.7,139.24,19.0,4.8
2024-03-05,10.1,22.2,102.00999999999999,15.2,7.6
2024-03-06,9.7,18.0,94.08999999999999,11.9,6.7
2024-03-07,12.3,0.2,151.29000000000002,18.1,7.9
2024-03-08,9.1,0.0,82.80999999999999,14.4,5.1
2024-03-09,7.8,22.5,60.839999999999996,12.0,5.3
2024-03-10,6.1,2.0,37.209999999999994,8.4,3.0
2024-03-11,6.2,0.0,38.440000000000005,11.3,1.0
2024-03-12,12.4,0.0,153.76000000000002,20.2,5.4
2024-03-13,13.3,0.0,176.89000000000001,21.0,7.1
2024-03-14,15.2,0.0,231.04,24.1,6.3
2024-03-15,16.9,2.1,285.60999999999996,21.8,12.1
2024-03-16,11.7,0.0,136.89,17.2,6.0
2024-03-17,13.1,0.0,171.60999999999999,18.6,9.0
2024-03-18,5.8,0.0,33.64,9.8,1.4
2024-03-19,5.0,0.0,25.0,9.8,0.3
2024-03-20,8.9,0.0,79.21000000000001,17.6,2.9
2024-03-21,3.0,0.0,9.0,8.1,-2.5
2024-03-22,5.3,2.1,28.09,12.7,-1.7
2024-03-23,8.2,47.9,67.24,12.9,2.0
2024-03-24,3.5,0.0,12.25,9.7,-1.5
2024-03-25,5.6,0.0,31.359999999999996,12.1,0.4
2024-03-26,7.6,0.1,57.76,14.9,0.9
2024-03-27,7.8,11.7,60.839999999999996,10.6,5.7
2024-03-28,8.8,5.1,77.44000000000001,11.7,7.1
2024-03-29,8.7,0.0,75.68999999999998,14.4,1.9
2024-03-30,10.1,4.1,102.00999999999999,17.6,1.4
2024-03-31,12.6,0.0,158.76,19.1,8.1
2024-04-01,10.9,3.0,118.81,15.2,7.6
2024-04-02,10.3,6.3,106.09000000000002,14.8,8.1
2024-04-03,10.1,26.1,102.00999999999999,13.9,8.0
2024-04-04,7.4,4.6,54.760000000000005,13.0,3.8
2024-04-05,7.0,0.5,49.0,11.3,3.3
2024-04-06,7.5,0.1,56.25,11.9,2.8
2024-04-07,10.3,0.0,106.09000000000002,16.8,2.7
2024-04-08,12.3,0.0,151.29000000000002,21.0,3.5
2024-04-09,16.6,0.0,275.56000000000006,23.5,9.1
2024-04-10,18.4,2.4,338.55999999999995,24.6,13.2
2024-04-11,18.2,14.3,331.23999999999995,21.9,15.6
2024-04-12,16.0,13.0,256.0,18.5,12.9
2024-04-13,13.2,0.1,174.23999999999998,17.4,9.4
2024-04-14,16.3,0.0,265.69,24.6,7.1
2024-04-15,20.0,2.3,400.0,27.9,13.7
2024-04-16,16.7,0.0,278.89,23.0,9.5
2024-04-17,16.1,12.9,259.21000000000004,21.6,11.6
2024-04-18,18.3,0.2,334.89000000000004,23.6,11.2
2024-04-19,12.1,2.7,146.41,16.8,7.8
2024-04-20,14.9,0.4,222.01000000000002,20.5,10.5
2024-04-21,9.0,0.0,81.0,12.8,6.0
2024-04-22,9.9,0.0,98.01,16.5,3.1
2024-04-23,13.2,0.0,174.23999999999998,21.0,3.3
2024-04-24,16.7,0.2,278.89,21.9,11.7
2024-04-25,11.7,0.1,136.89,15.1,8.1
2024-04-26,11.4,0.0,129.96,16.9,5.7
2024-04-27,12.3,1.6,151.29000000000002,18.0,7.5
2024-04-28,19.5,0.0,380.25,28.5,10.8
2024-04-29,23.3,0.0,542.89,31.2,14.7
2024-04-30,22.7,0.5,515.29,29.5,17.0
2024-05-01,21.4,0.5,457.9599999999999,27.6,16.4
2024-05-02,23.1,0.0,533.61,30.9,13.8
2024-05-03,18.4,0.0,338.55999999999995,22.7,11.2
2024-05-04,11.9,10.8,141.61,13.4,10.9
2024-05-05,15.9,17.5,252.81,20.8,11.7
2024-05-06,19.9,8.3,396.00999999999993,24.5,16.8
2024-05-07,20.6,17.9,424.36000000000007,25.2,17.3
2024-05-08,22.9,0.0,524.41,28.6,17.8
2024-05-09,18.3,3.8,334.89000000000004,20.9,14.9
2024-05-10,13.5,5.4,182.25,15.6,10.6
2024-05-11,12.6,4.1,158.76,16.9,6.9
2024-05-12,13.7,2.8,187.68999999999997,18.7,9.1
2024-05-13,16.2,0.0,262.44,23.5,7.8
2024-05-14,17.0,8.6,289.0,20.4,13.4
2024-05-15,16.8,7.8,282.24,20.2,14.6
2024-05-16,19.1,0.0,364.81000000000006,24.9,13.2
2024-05-17,17.5,0.8,306.25,21.2,13.6
2024-05-18,16.0,25.0,256.0,17.7,14.1
2024-05-19,18.2,0.5,331.23999999999995,23.0,13.8
2024-05-20,18.7,0.0,349.69,24.7,13.8
2024-05-21,20.7,0.0,428.48999999999995,27.2,13.5
2024-05-22,23.0,0.4,529.0,29.9,15.9
2024-05-23,22.7,0.7,515.29,27.7,19.2
2024-05-24,22.7,2.2,515.29,28.1,18.9
2024-05-25,23.4,7.8,547.56,29.5,16.8
2024-05-26,23.1,7.7,533.61,29.9,17.3
2024-05-27,22.6,0.6,510.76000000000005,28.1,19.3
2024-05-28,22.1,0.0,488.4100000000001,27.1,17.5
2024-05-29,18.6,4.0,345.96000000000004,24.6,14.5
2024-05-30,17.7,0.0,313.28999999999996,22.4,13.0
2024-05-31,17.3,0.0,299.29,23.3,10.8
2024-06-01,19.8,0.0,392.04,27.0,11.6
2024-06-02,21.2,0.2,449.44,28.4,15.1
2024-06-03,22.9,0.8,524.41,28.4,17.0
2024-06-04,23.9,0.8,571.2099999999999,30.0,17.1
2024-06-05,22.1,20.1,488.4100000000001,25.6,18.7
2024-06-06,24.4,5.1,595.3599999999999,30.0,21.4
2024-06-07,23.6,0.0,556.96,29.1,18.1
2024-06-08,22.3,0.0,497.29,28.9,16.4
2024-06-09,22.4,0.4,501.75999999999993,27.3,17.0
2024-06-10,21.0,2.2,441.0,26.6,15.4
2024-06-11,19.1,0.6,364.81000000000006,23.6,15.1
2024-06-12,20.6,0.0,424.36000000000007,27.5,12.8
2024-06-13,23.9,8.7,571.2099999999999,31.0,16.4
2024-06-14,25.2,20.2,635.04,33.5,19.1
2024-06-15,23.5,0.0,552.25,29.4,18.1
2024-06-16,24.2,0.0,585.64,30.5,15.7
2024-06-17,26.0,0.0,676.0,33.2,19.3
2024-06-18,26.7,0.0,712.89,33.3,21.0
2024-06-19,25.6,0.0,655.3600000000001,32.2,19.4
2024-06-20,25.8,0.0,665.64,32.2,19.0
2024-06-21,27.6,0.0,761.7600000000001,34.8,19.9
2024-06-22,30.0,0.0,900.0,36.7,22.8
2024-06-23,30.4,0.4,924.16,36.3,25.4
2024-06-24,26.8,2.0,718.24,30.5,23.0
2024-06-25,26.4,0.0,696.9599999999999,32.7,18.5
2024-06-26,27.5,6.1,756.25,36.7,22.8
2024-06-27,25.7,5.3,660.49,31.2,22.2
2024-06-28,24.0,0.0,576.0,29.5,19.6
2024-06-29,26.9,0.1,723.6099999999999,33.1,19.7
2024-06-30,27.8,2.8,772.84,33.8,22.9
2024-07-01,21.1,0.0,445.21000000000004,26.1,16.6
2024-07-02,22.9,0.0,524.41,29.4,16.0
2024-07-03,24.3,0.0,590.49,29.9,17.3
2024-07-04,26.0,9.5,676.0,34.5,21.2
2024-07-05,29.0,0.0,841.0,35.7,22.5
2024-07-06,30.4,0.0,924.16,36.2,24.5
2024-07-07,29.5,0.0,870.25,35.2,24.4
2024-07-08,29.2,0.0,852.64,34.4,24.1
2024-07-09,29.7,0.0,882.0899999999999,35.6,23.5
2024-07-10,29.7,1.7,882.0899999999999,34.8,25.6
2024-07-11,26.9,0.0,723.6099999999999,32.9,21.3
2024-07-12,23.5,31.4,552.25,25.0,22.4
2024-07-13,25.8,1.0,665.64,30.7,21.5
2024-07-14,28.7,0.0,823.6899999999999,34.5,22.4
2024-07-15,29.6,0.0,876.1600000000001,35.8,24.2
2024-07-16,29.2,1.7,852.64,36.3,22.3
2024-07-17,28.1,2.2,789.6100000000001,34.7,23.6
2024-07-18,25.0,0.0,625.0,28.9,21.9
2024-07-19,23.7,0.9,561.6899999999999,27.6,20.0
2024-07-20,23.2,2.0,538.24,26.5,20.1
2024-07-21,24.6,1.2,605.1600000000001,30.0,18.4
2024-07-22,23.1,30.4,533.61,27.0,21.5
2024-07-23,24.9,10.4,620.0099999999999,30.2,21.3
2024-07-24,24.9,3.5,620.0099999999999,28.7,22.4
2024-07-25,23.6,12.8,556.96,28.5,20.9
2024-07-26,22.9,0.2,524.41,27.2,19.3
2024-07-27,23.5,0.0,552.25,28.9,18.0
2024-07-28,24.1,0.0,580.8100000000001,29.8,18.0
2024-07-29,26.1,0.4,681.21,32.5,20.3
2024-07-30,25.0,18.5,625.0,31.0,22.0
2024-07-31,26.6,3.5,707.5600000000001,33.2,22.0
2024-08-01,27.6,0.0,761.7600000000001,35.2,20.2
2024-08-02,28.3,7.3,800.89,35.5,22.5
2024-08-03,26.2,11.9,686.4399999999999,33.5,22.2
2024-08-04,25.3,1.1,640.09,29.4,21.8
2024-08-05,27.2,0.0,739.8399999999999,33.0,21.0
2024-08-06,27.6,0.4,761.7600000000001,32.9,23.1
2024-08-07,25.1,15.3,630.0100000000001,28.9,22.3
2024-08-08,23.8,41.9,566.44,25.6,22.0
2024-08-09,25.0,34.9,625.0,29.1,22.7
2024-08-10,25.5,0.3,650.25,29.7,21.1
2024-08-11,22.8,0.0,519.84,27.4,18.2
2024-08-12,22.0,0.0,484.0,27.0,17.3
2024-08-13,22.3,0.0,497.29,27.7,17.8
2024-08-14,22.8,0.0,519.84,28.7,17.4
2024-08-15,23.4,0.0,547.56,29.8,17.4
2024-08-16,24.3,0.0,590.49,29.9,18.2
2024-08-17,23.4,4.7,547.56,27.2,20.7
2024-08-18,23.4,36.3,547.56,29.0,20.1
2024-08-19,22.9,3.8,524.41,27.8,20.3
2024-08-20,19.2,0.1,368.64,22.7,15.1
2024-08-21,17.7,0.0,313.28999999999996,23.2,12.5
2024-08-22,18.4,0.0,338.55999999999995,24.0,12.6
2024-08-23,19.7,0.0,388.09,25.9,12.9
2024-08-24,21.0,0.0,441.0,27.5,14.1
2024-08-25,22.5,0.0,506.25,29.6,15.5
2024-08-26,23.4,4.1,547.56,30.2,18.1
2024-08-27,25.4,0.0,645.16,30.5,20.0
2024-08-28,27.4,2.4,750.7599999999999,35.1,21.3
2024-08-29,24.7,28.2,610.0899999999999,29.3,21.9
2024-08-30,22.9,3.4,524.41,25.4,21.2
2024-08-31,23.7,1.5,561.6899999999999,28.2,20.9
2024-09-01,23.7,3.6,561.6899999999999,29.1,20.2
2024-09-02,21.8,0.0,475.24,25.5,17.2
2024-09-03,17.9,0.0,320.40999999999997,23.0,13.6
2024-09-04,18.1,0.0,327.61000000000007,23.8,12.8
2024-09-05,19.0,0.0,361.0,24.9,14.1
2024-09-06,20.0,0.2,400.0,26.0,14.6
2024-09-07,18.7,0.3,349.69,23.6,15.9
2024-09-08,16.0,0.0,256.0,22.1,10.9
2024-09-09,17.2,0.0,295.84,24.4,10.6
2024-09-10,20.1,0.0,404.01000000000005,27.5,12.9
2024-09-11,21.0,0.0,441.0,28.2,14.1
2024-09-12,20.1,0.0,404.01000000000005,26.4,14.4
2024-09-13,20.9,0.2,436.80999999999995,27.0,16.3
2024-09-14,21.4,0.0,457.9599999999999,27.6,16.3
2024-09-15,20.8,0.0,432.64000000000004,27.2,15.4
2024-09-16,19.6,0.1,384.1600000000001,24.5,14.6
2024-09-17,21.2,4.5,449.44,25.6,18.5
2024-09-18,21.5,28.7,462.25,25.3,19.4
2024-09-19,21.5,1.3,462.25,26.8,17.2
2024-09-20,21.3,0.0,453.69000000000005,26.8,15.4
2024-09-21,21.4,10.1,457.9599999999999,27.2,17.0
2024-09-22,20.4,13.4,416.15999999999997,23.0,18.9
2024-09-23,19.0,5.9,361.0,22.0,17.1
2024-09-24,18.6,3.3,345.96000000000004,21.7,17.0
2024-09-25,20.3,6.5,412.09000000000003,24.2,17.6
2024-09-26,22.2,10.9,492.84,26.3,19.6
2024-09-27,22.4,13.5,501.75999999999993,24.1,20.8
2024-09-28,23.7,3.1,561.6899999999999,28.1,20.6
2024-09-29,20.0,3.9,400.0,21.4,18.6
2024-09-30,18.5,9.9,342.25,20.5,17.5
2024-10-01,18.3,4.8,334.89000000000004,19.5,16.8
2024-10-02,18.1,0.8,327.61000000000007,21.3,16.0
2024-10-03,18.7,0.3,349.69,23.2,15.0
2024-10-04,20.3,3.0,412.09000000000003,25.0,16.3
2024-10-05,19.2,0.1,368.64,24.1,13.4
2024-10-06,17.4,0.0,302.75999999999993,23.6,10.9
2024-10-07,18.5,0.2,342.25,22.0,13.9
2024-10-08,14.3,0.0,204.49,19.1,10.0
2024-10-09,14.5,0.0,210.25,20.4,8.8
2024-10-10,11.7,0.0,136.89,16.5,7.6
2024-10-11,12.5,0.0,156.25,19.0,6.2
2024-10-12,16.9,0.0,285.60999999999996,24.1,9.6
2024-10-13,19.1,0.0,364.81000000000006,25.9,11.4
2024-10-14,15.8,0.0,249.64000000000001,20.4,9.2
2024-10-15,10.0,0.0,100.0,13.6,6.9
2024-10-16,9.0,0.0,81.0,12.8,5.3
2024-10-17,9.2,0.0,84.63999999999999,14.7,4.6
2024-10-18,11.5,0.0,132.25,18.8,6.8
2024-10-19,12.8,0.0,163.84000000000003,20.5,6.3
2024-10-20,12.6,0.0,158.76,21.8,5.9
2024-10-21,15.2,0.0,231.04,23.9,9.6
2024-10-22,16.5,0.0,272.25,25.5,10.5
2024-10-23,15.8,0.0,249.64000000000001,24.0,9.1
2024-10-24,15.2,0.0,231.04,18.6,10.1
2024-10-25,12.2,0.0,148.83999999999997,18.1,5.7
2024-10-26,14.5,0.0,210.25,18.6,10.2
2024-10-27,8.9,0.0,79.21000000000001,13.8,5.2
2024-10-28,9.7,0.0,94.08999999999999,16.6,4.0
2024-10-29,11.6,0.0,134.56,18.4,5.2
2024-10-30,16.5,0.0,272.25,24.4,10.6
2024-10-31,20.0,0.0,400.0,26.1,14.0
2024-11-01,20.1,0.4,404.01000000000005,25.3,13.9
2024-11-02,11.7,0.0,136.89,16.8,7.9
2024-11-03,8.9,0.0,79.21000000000001,14.7,5.2
2024-11-04,10.3,0.0,106.09000000000002,16.6,4.8
2024-11-05,16.4,0.0,268.96,23.1,10.4
2024-11-06,20.3,0.0,412.09000000000003,26.4,14.8
2024-11-07,20.4,0.0,416.15999999999997,25.7,16.6
2024-11-08,16.4,0.0,268.96,21.1,11.1
2024-11-09,10.3,0.0,106.09000000000002,14.1,5.3
2024-11-10,9.4,5.9,88.36000000000001,13.9,3.8
2024-11-11,16.8,4.3,282.24,22.6,13.5
2024-11-12,11.0,0.0,121.0,14.4,5.9
2024-11-13,5.1,0.0,26.009999999999998,9.2,1.5
2024-11-14,6.9,6.5,47.61000000000001,9.9,3.8
2024-11-15,9.5,2.5,90.25,12.6,6.9
2024-11-16,11.1,0.0,123.21,14.4,7.5
2024-11-17,8.1,0.0,65.61,12.9,4.1
2024-11-18,12.5,0.0,156.25,19.2,5.8
2024-11-19,12.2,5.3,148.83999999999997,15.1,8.8
2024-11-20,12.9,24.3,166.41,16.7,9.2
2024-11-21,6.2,5.5,38.440000000000005,9.2,3.7
2024-11-22,2.9,7.6,8.41,5.2,0.5
2024-11-23,8.0,0.0,64.0,11.2,4.2
2024-11-24,8.9,0.0,79.21000000000001,12.4,5.7
2024-11-25,7.9,0.2,62.410000000000004,13.1,2.7
2024-11-26,10.8,2.9,116.64000000000001,15.9,6.7
2024-11-27,7.4,0.0,54.760000000000005,11.0,3.8
2024-11-28,8.7,7.0,75.68999999999998,12.1,5.0
2024-11-29,3.5,0.1,12.25,7.2,0.2
2024-11-30,-0.7,0.0,0.48999999999999994,1.6,-2.9
2024-12-01,0.3,0.0,0.09,5.2,-2.8
2024-12-02,-0.6,0.0,0.36,3.5,-3.5
2024-12-03,-0.0,0.0,0.0,4.4,-2.6
2024-12-04,0.9,0.0,0.81,4.6,-3.5
2024-12-05,1.3,1.1,1.6900000000000002,4.8,-2.8
2024-12-06,-1.4,0.0,1.9599999999999997,1.4,-2.9
2024-12-07,0.1,0.0,0.010000000000000002,5.0,-3.2
2024-12-08,7.1,0.0,50.41,15.0,0.8
2024-12-09,7.8,1.3,60.839999999999996,12.7,3.3
2024-12-10,9.2,6.5,84.63999999999999,14.6,3.9
2024-12-11,11.4,30.6,129.96,16.5,2.0
2024-12-12,1.8,0.0,3.24,5.5,-1.0
2024-12-13,-0.2,0.0,0.04000000000000001,3.5,-2.6
2024-12-14,-0.6,0.0,0.36,2.7,-3.1
2024-12-15,1.3,6.3,1.6900000000000002,4.2,-1.5
2024-12-16,6.2,7.2,38.440000000000005,10.1,2.8
2024-12-17,11.4,0.1,129.96,17.3,7.4
2024-12-18,7.5,5.2,56.25,11.4,2.5
2024-12-19,4.7,0.0,22.090000000000003,7.6,1.9
2024-12-20,1.9,0.8,3.61,3.8,0.3
2024-12-21,0.1,0.0,0.010000000000000002,2.0,-3.0
2024-12-22,-3.2,0.0,10.240000000000002,-0.9,-5.2
2024-12-23,-3.4,0.0,11.559999999999999,0.8,-7.3
2024-12-24,0.7,0.7,0.48999999999999994,5.6,-2.8
2024-12-25,3.1,0.0,9.610000000000001,6.5,1.0
2024-12-26,1.5,0.0,2.25,5.0,-1.4
2024-12-27,2.7,1.8,7.290000000000001,7.6,-1.3
2024-12-28,8.2,13.0,67.24,11.2,4.8
2024-12-29,15.0,2.3,225.0,19.5,10.4
2024-12-30,11.3,0.2,127.69000000000001,14.2,6.9
2024-12-31,8.1,6.0,65.61,13.9,2.2
2025-01-01,6.4,0.0,40.96000000000001,8.1,3.2
2025-01-02,1.5,0.0,2.25,4.1,-0.9
2025-01-03,0.6,1.0,0.36,6.1,-2.4
2025-01-04,-3.0,0.0,9.0,-1.9,-4.5
2025-01-05,-2.5,0.2,6.25,0.5,-5.6
2025-01-06,-2.9,21.5,8.41,-1.9,-3.9
2025-01-07,-4.1,0.0,16.81,-1.4,-7.6
2025-01-08,-4.4,0.0,19.360000000000003,-2.7,-6.6
2025-01-09,-6.0,0.0,36.0,-3.7,-8.2
2025-01-10,-4.4,0.4,19.360000000000003,-1.5,-7.9
2025-01-11,-2.5,3.4,6.25,-0.6,-4.4
2025-01-12,-2.5,0.0,6.25,1.5,-5.2
2025-01-13,-1.2,0.0,1.44,4.9,-6.8
2025-01-14,-3.3,0.1,10.889999999999999,-0.2,-6.9
2025-01-15,-5.9,0.0,34.81,-2.8,-8.5
2025-01-16,-5.3,0.5,28.09,-0.2,-11.6
2025-01-17,-0.2,0.0,0.04000000000000001,3.8,-4.8
2025-01-18,1.6,0.9,2.5600000000000005,5.7,-1.1
2025-01-19,0.5,6.7,0.25,2.8,-3.5
2025-01-20,-7.2,0.1,51.84,-4.6,-11.4
2025-01-21,-9.8,0.5,96.04000000000002,-7.1,-13.0
2025-01-22,-10.9,0.0,118.81,-8.4,-13.9
2025-01-23,-8.0,0.0,64.0,-1.5,-14.5
2025-01-24,-3.0,0.0,9.0,0.3,-7.3
2025-01-25,-3.1,0.0,9.610000000000001,2.8,-10.0
2025-01-26,1.7,0.0,2.8899999999999997,7.1,-2.9
2025-01-27,1.7,0.0,2.8899999999999997,7.7,-2.9
2025-01-28,3.4,0.0,11.559999999999999,6.8,0.3
2025-01-29,6.2,0.0,38.440000000000005,11.6,2.7
2025-01-30,4.2,0.0,17.64,9.9,-1.3
2025-01-31,7.4,22.9,54.760000000000005,10.6,4.0
2025-02-01,4.8,1.3,23.04,9.1,-2.1
2025-02-02,-0.9,0.0,0.81,3.2,-5.3
2025-02-03,5.3,0.0,28.09,10.8,-0.4
2025-02-04,7.6,0.0,57.76,12.4,1.6
2025-02-05,1.4,4.1,1.9599999999999997,3.7,-0.7
2025-02-06,4.0,13.2,16.0,10.9,-0.2
2025-02-07,5.6,0.1,31.359999999999996,7.9,0.9
2025-02-08,0.5,0.6,0.25,2.4,-1.2
2025-02-09,4.0,0.2,16.0,7.0,1.5
2025-02-10,2.0,0.0,4.0,6.1,-1.4
2025-02-11,-0.7,13.8,0.48999999999999994,2.2,-2.4
2025-02-12,-0.0,6.6,0.0,1.2,-1.4
2025-02-13,3.3,11.9,10.889999999999999,9.1,1.0
2025-02-14,0.0,0.0,0.0,2.8,-3.9
2025-02-15,1.5,14.4,2.25,3.8,-1.0
2025-02-16,7.2,11.9,51.84,15.9,1.9
2025-02-17,0.0,0.0,0.0,2.5,-2.6
2025-02-18,-3.4,0.0,11.559999999999999,-0.8,-5.9
2025-02-19,-6.0,0.9,36.0,-3.9,-7.8
2025-02-20,-5.8,0.6,33.64,-3.8,-8.5
2025-02-21,-2.6,0.0,6.760000000000001,0.9,-5.8
2025-02-22,-0.2,0.0,0.04000000000000001,5.2,-5.4
2025-02-23,2.8,0.0,7.839999999999999,8.0,-1.3
2025-02-24,5.2,0.0,27.040000000000003,11.6,-1.5
2025-02-25,8.2,0.0,67.24,14.1,1.8
2025-02-26,9.7,0.2,94.08999999999999,16.7,3.8
2025-02-27,11.5,0.0,132.25,16.4,7.9
2025-02-28,7.5,0.0,56.25,11.1,3.7
2025-03-01,7.2,0.0,51.84,15.4,-2.5
2025-03-02,-2.3,0.0,5.289999999999999,2.3,-6.4
2025-03-03,0.4,0.0,0.16000000000000003,5.2,-3.8
2025-03-04,7.2,0.0,51.84,14.4,-0.4
2025-03-05,13.3,39.3,176.89000000000001,15.0,10.9
2025-03-06,5.7,0.5,32.49,10.6,2.8
2025-03-07,5.5,0.0,30.25,11.1,-0.1
2025-03-08,5.7,0.0,32.49,8.4,2.5
2025-03-09,6.0,0.0,36.0,13.6,-1.1
2025-03-10,9.1,0.0,82.80999999999999,16.5,1.9
2025-03-11,11.4,0.0,129.96,20.0,3.3
2025-03-12,11.0,0.0,121.0,16.6,5.8
2025-03-13,7.8,0.0,60.839999999999996,13.5,4.0
2025-03-14,7.5,0.0,56.25,13.1,3.0
2025-03-15,10.7,0.0,114.48999999999998,17.4,6.6
2025-03-16,17.5,7.1,306.25,21.8,12.1
2025-03-17,10.2,2.8,104.03999999999999,14.6,3.8
2025-03-18,8.6,0.0,73.96,16.3,1.5
2025-03-19,12.2,0.0,148.83999999999997,20.6,4.9
2025-03-20,13.1,6.1,171.60999999999999,21.5,7.8
2025-03-21,7.4,0.0,54.760000000000005,12.6,1.8
2025-03-22,10.6,0.0,112.36,17.6,5.1
2025-03-23,7.4,1.6,54.760000000000005,12.6,1.2
2025-03-24,11.1,3.2,123.21,17.6,7.1
2025-03-25,11.5,0.2,132.25,16.5,6.8
2025-03-26,7.8,0.4,60.839999999999996,10.9,4.7
2025-03-27,7.1,0.0,50.41,14.0,-0.2
2025-03-28,13.0,0.0,169.0,22.9,4.5
2025-03-29,20.0,0.0,400.0,27.0,15.8
2025-03-30,21.7,0.1,470.89,26.6,17.2
2025-03-31,20.8,16.9,432.64000000000004,28.5,16.1
2025-04-01,9.4,0.6,88.36000000000001,13.1,4.6
2025-04-02,10.2,0.0,104.03999999999999,16.4,4.8
2025-04-03,19.6,0.1,384.1600000000001,25.9,11.8
2025-04-04,20.1,1.8,404.01000000000005,22.3,15.9
2025-04-05,18.1,18.4,327.61000000000007,26.6,12.9
2025-04-06,15.6,6.3,243.35999999999999,21.4,11.6
2025-04-07,8.7,13.9,75.68999999999998,11.4,6.8
2025-04-08,4.5,0.0,20.25,7.8,1.2
2025-04-09,4.9,0.0,24.010000000000005,10.4,-1.5
2025-04-10,9.1,0.6,82.80999999999999,14.4,4.8
2025-04-11,7.5,37.8,56.25,8.1,6.7
2025-04-12,8.3,3.7,68.89000000000001,11.7,5.8
2025-04-13,10.3,0.1,106.09000000000002,14.9,5.8
2025-04-14,14.9,4.7,222.01000000000002,22.0,7.7
2025-04-15,14.6,1.9,213.16,18.5,9.1
2025-04-16,10.2,0.0,104.03999999999999,14.6,6.6
2025-04-17,10.0,0.0,100.0,16.0,3.3
2025-04-18,16.4,0.0,268.96,24.9,6.9
2025-04-19,22.8,0.0,519.84,28.1,18.5
2025-04-20,21.0,0.0,441.0,24.8,16.0
2025-04-21,17.9,0.0,320.40999999999997,23.8,13.1
2025-04-22,21.6,0.0,466.56000000000006,26.3,17.1
2025-04-23,19.0,0.0,361.0,25.3,12.2
2025-04-24,18.9,0.0,357.2099999999999,26.0,11.9
2025-04-25,19.0,5.1,361.0,25.7,12.6
2025-04-26,18.7,10.3,349.69,25.5,10.4
2025-04-27,13.5,0.0,182.25,19.0,7.7
2025-04-28,15.7,0.0,246.48999999999998,22.0,8.2
2025-04-29,20.2,0.0,408.03999999999996,28.9,11.4
2025-04-30,23.4,0.0,547.56,28.5,19.5
2025-05-01,22.1,0.7,488.4100000000001,29.1,15.8
2025-05-02,25.0,0.0,625.0,30.6,19.9
2025-05-03,21.8,15.6,475.24,28.2,18.1
2025-05-04,19.1,11.8,364.81000000000006,23.4,17.0
2025-05-05,18.1,28.9,327.61000000000007,22.4,15.8
2025-05-06,17.4,6.7,302.75999999999993,20.8,15.1
2025-05-07,18.1,0.0,327.61000000000007,22.5,13.4
2025-05-08,18.9,6.3,357.2099999999999,24.2,14.7
2025-05-09,14.1,6.6,198.81,15.9,10.8
2025-05-10,15.3,0.0,234.09000000000003,21.2,9.1
2025-05-11,19.5,0.0,380.25,26.4,11.6
2025-05-12,19.5,2.8,380.25,25.4,13.3
2025-05-13,18.1,49.1,327.61000000000007,19.2,16.6
2025-05-14,19.3,22.6,372.49,24.2,16.4
2025-05-15,21.2,1.2,449.44,25.6,17.4
2025-05-16,22.8,4.1,519.84,28.9,18.4
2025-05-17,23.0,0.0,529.0,27.8,19.2
2025-05-18,20.1,0.1,404.01000000000005,23.0,16.2
2025-05-19,18.3,0.0,334.89000000000004,22.9,14.1
2025-05-20,16.3,0.1,265.69,21.2,10.9
2025-05-21,14.5,15.1,210.25,16.5,12.6
2025-05-22,14.6,12.9,213.16,19.4,12.8
2025-05-23,14.5,0.0,210.25,18.1,11.4
2025-05-24,15.0,0.0,225.0,19.0,10.4
2025-05-25,15.7,0.0,246.48999999999998,20.9,9.4
2025-05-26,17.0,0.0,289.0,22.2,13.3
2025-05-27,15.9,5.1,252.81,19.4,12.9
2025-05-28,13.7,34.9,187.68999999999997,15.6,12.2
2025-05-29,17.7,0.8,313.28999999999996,22.6,12.9
2025-05-30,19.9,25.6,396.00999999999993,25.6,14.7
2025-05-31,16.2,4.5,262.44,20.6,11.6
2025-06-01,15.3,0.0,234.09000000000003,21.1,9.1
2025-06-02,16.8,0.0,282.24,22.2,10.2
2025-06-03,19.9,0.0,396.00999999999993,26.8,11.7
2025-06-04,22.9,0.0,524.41,30.0,15.9
2025-06-05,24.1,0.0,580.8100000000001,30.4,18.4
2025-06-06,24.1,0.1,580.8100000000001,29.4,18.8
2025-06-07,24.0,3.6,576.0,28.1,20.9
2025-06-08,21.8,11.6,475.24,24.8,19.7
2025-06-09,23.1,1.2,533.61,27.9,19.4
2025-06-10,24.1,0.1,580.8100000000001,28.5,20.4
2025-06-11,24.2,0.0,585.64,29.6,18.2
2025-06-12,26.6,0.0,707.5600000000001,33.5,18.5
2025-06-13,26.9,11.4,723.6099999999999,33.8,21.5
2025-06-14,23.9,26.9,571.2099999999999,29.3,21.4
2025-06-15,20.3,9.9,412.09000000000003,23.0,17.9
2025-06-16,19.0,43.8,361.0,21.2,17.0
2025-06-17,23.3,1.3,542.89,28.7,19.5
2025-06-18,25.1,10.4,630.0100000000001,30.8,22.1
2025-06-19,25.8,7.8,665.64,31.6,22.4
2025-06-20,23.7,1.7,561.6899999999999,29.1,17.7
2025-06-21,26.4,0.3,696.9599999999999,31.6,19.5
2025-06-22,29.2,0.0,852.64,36.3,22.5
2025-06-23,32.2,0.0,1036.8400000000001,38.6,25.8
2025-06-24,33.5,0.0,1122.25,39.7,26.9
2025-06-25,31.7,0.6,1004.89,38.3,27.4
2025-06-26,29.1,14.9,846.8100000000001,36.8,24.2
2025-06-27,23.0,1.9,529.0,25.3,21.0
2025-06-28,25.7,0.4,660.49,30.7,21.5
2025-06-29,26.7,8.5,712.89,32.2,22.8
2025-06-30,27.0,7.5,729.0,32.0,23.0
2025-07-01,26.6,38.8,707.5600000000001,32.2,23.6
2025-07-02,24.8,12.1,615.0400000000001,28.9,22.1
2025-07-03,26.5,0.0,702.25,31.0,21.7
2025-07-04,25.2,0.0,635.04,30.4,19.6
2025-07-05,25.9,0.0,670.81,31.9,19.2
2025-07-06,26.2,1.5,686.4399999999999,31.6,19.5
2025-07-07,27.3,5.7,745.2900000000001,31.7,23.5
2025-07-08,28.2,5.2,795.24,35.0,23.8
2025-07-09,26.2,14.8,686.4399999999999,33.3,22.7
2025-07-10,24.7,1.7,610.0899999999999,27.9,22.0
2025-07-11,26.3,0.3,691.69,30.7,22.2
2025-07-12,26.1,7.4,681.21,30.9,23.2
2025-07-13,25.3,7.4,640.09,29.0,22.0
2025-07-14,25.6,21.6,655.3600000000001,30.6,22.8
2025-07-15,26.2,0.7,686.4399999999999,30.4,22.9
2025-07-16,26.3,5.1,691.69,30.8,23.2
2025-07-17,27.9,2.5,778.41,33.3,24.6
2025-07-18,26.4,11.9,696.9599999999999,30.4,23.5
2025-07-19,25.4,11.2,645.16,29.4,22.0
2025-07-20,26.9,0.8,723.6099999999999,31.5,22.5
2025-07-21,25.9,0.3,670.81,29.7,23.2
2025-07-22,24.5,0.0,600.25,29.1,20.2
2025-07-23,25.0,0.3,625.0,29.1,20.9
2025-07-24,26.6,0.0,707.5600000000001,32.2,20.9
2025-07-25,29.1,1.0,846.8100000000001,35.8,22.8
2025-07-26,28.1,11.9,789.6100000000001,32.5,24.6
2025-07-27,27.6,6.2,761.7600000000001,34.0,24.9
2025-07-28,29.0,0.0,841.0,34.2,24.2
2025-07-29,29.6,0.0,876.1600000000001,34.8,24.2
2025-07-30,30.2,0.0,912.04,35.5,25.0
2025-07-31,26.1,27.8,681.21,29.1,23.5
2025-08-01,21.4,6.4,457.9599999999999,24.2,19.0
2025-08-02,21.6,0.2,466.56000000000006,25.3,18.1
2025-08-03,21.5,0.0,462.25,26.4,16.2
2025-08-04,22.6,0.0,510.76000000000005,28.0,16.7
2025-08-05,22.8,0.0,519.84,26.4,19.6
2025-08-06,22.0,0.4,484.0,24.0,19.5
2025-08-07,22.6,0.0,510.76000000000005,27.2,18.5
2025-08-08,22.2,0.0,492.84,26.7,17.9
2025-08-09,22.4,0.0,501.75999999999993,27.6,17.4
2025-08-10,23.6,0.0,556.96,29.6,17.5
2025-08-11,24.8,0.1,615.0400000000001,32.2,19.5
2025-08-12,27.2,0.6,739.8399999999999,33.0,22.0
2025-08-13,25.2,12.5,635.04,28.5,22.9
2025-08-14,25.7,18.9,660.49,29.7,23.0
2025-08-15,26.1,5.4,681.21,29.4,22.8
2025-08-16,26.8,0.2,718.24,31.5,23.0
2025-08-17,28.2,0.0,795.24,35.5,22.8
2025-08-18,22.7,2.5,515.29,25.0,19.9
2025-08-19,20.8,0.8,432.64000000000004,22.9,19.4
2025-08-20,23.1,3.0,533.61,27.6,20.1
2025-08-21,20.8,0.4,432.64000000000004,23.2,18.2
2025-08-22,22.2,0.0,492.84,26.9,18.0
2025-08-23,22.4,0.0,501.75999999999993,28.2,16.9
2025-08-24,23.7,5.7,561.6899999999999,30.0,19.1
2025-08-25,23.7,0.1,561.6899999999999,28.4,18.9
2025-08-26,21.5,0.0,462.25,26.2,16.5
2025-08-27,19.7,0.0,388.09,23.9,14.9
2025-08-28,20.3,0.0,412.09000000000003,25.9,14.8
2025-08-29,21.3,0.7,453.69000000000005,25.8,16.8
2025-08-30,19.2,0.0,368.64,24.5,13.6
2025-08-31,20.2,0.0,408.03999999999996,26.3,14.4
2025-09-01,20.8,0.0,432.64000000000004,25.9,15.3
2025-09-02,20.2,0.0,408.03999999999996,24.6,15.2
2025-09-03,21.9,0.0,479.60999999999996,28.5,15.2
2025-09-04,22.9,7.0,524.41,30.8,17.6
2025-09-05,25.1,0.1,630.0100000000001,32.2,17.9
2025-09-06,25.1,9.5,630.0100000000001,32.2,20.4
2025-09-07,19.3,3.8,372.49,24.2,16.2
2025-09-08,18.3,0.0,334.89000000000004,23.3,13.4
2025-09-09,18.8,0.0,353.44000000000005,24.5,13.2
2025-09-10,19.1,4.9,364.81000000000006,22.7,16.4
2025-09-11,20.8,3.0,432.64000000000004,25.0,17.0
2025-09-12,21.3,0.0,453.69000000000005,26.8,16.9
2025-09-13,22.0,0.0,484.0,28.5,15.9
2025-09-14,23.3,0.1,542.89,29.4,17.0
2025-09-15,22.4,0.0,501.75999999999993,27.0,18.0
2025-09-16,19.8,12.0,392.04,23.0,16.4
2025-09-17,18.4,5.7,338.55999999999995,21.0,16.2
2025-09-18,21.4,0.1,457.9599999999999,26.6,17.0
2025-09-19,23.1,0.0,533.61,29.0,17.8
2025-09-20,20.3,8.8,412.09000000000003,23.7,17.6
2025-09-21,19.8,4.5,392.04,23.3,17.4
2025-09-22,20.0,0.0,400.0,25.5,15.0
2025-09-23,22.0,12.5,484.0,28.5,17.2
2025-09-24,21.3,1.5,453.69000000000005,24.0,18.1
2025-09-25,23.2,16.1,538.24,28.3,20.5
2025-09-26,22.9,0.2,524.41,26.8,19.4
2025-09-27,21.2,1.0,449.44,23.7,19.2
2025-09-28,21.6,0.0,466.56000000000006,26.5,17.5
2025-09-29,20.8,0.4,432.64000000000004,23.1,18.5
2025-09-30,20.7,0.0,428.48999999999995,23.5,18.9
2025-10-01,18.1,0.0,327.61000000000007,22.1,14.7
2025-10-02,15.6,0.0,243.35999999999999,21.0,10.1
2025-10-03,15.6,0.0,243.35999999999999,21.5,9.9
2025-10-04,17.3,0.0,299.29,24.8,10.1
2025-10-05,18.7,0.0,349.69,26.7,11.3
2025-10-06,20.5,0.0,420.25,28.4,13.6
2025-10-07,21.5,2.8,462.25,26.9,15.8
2025-10-08,19.1,4.1,364.81000000000006,22.2,13.6
2025-10-09,13.5,0.0,182.25,17.8,9.6
2025-10-10,13.1,0.0,171.60999999999999,17.9,8.8
2025-10-11,15.2,2.0,231.04,20.9,9.9
2025-10-12,16.7,1.5,278.89,19.0,14.7
2025-10-13,14.8,3.8,219.04000000000002,16.5,13.3
2025-10-14,15.4,0.9,237.16000000000003,18.5,12.9
2025-10-15,16.2,0.0,262.44,21.5,11.9
2025-10-16,12.3,0.0,151.29000000000002,17.0,8.1
2025-10-17,11.7,0.0,136.89,17.8,6.1
2025-10-18,14.2,0.0,201.64,21.6,8.4
2025-10-19,18.2,3.8,331.23999999999995,23.6,12.9
2025-10-20,14.1,0.9,198.81,18.3,9.8
2025-10-21,13.5,5.9,182.25,21.5,5.9
2025-10-22,14.1,0.1,198.81,18.4,10.1
2025-10-23,12.1,0.0,146.41,16.7,8.4
2025-10-24,10.0,0.0,100.0,14.8,5.5
2025-10-25,9.7,0.0,94.08999999999999,14.6,4.8
2025-10-26,10.4,0.0,108.16000000000001,16.1,5.3
2025-10-27,10.0,0.0,100.0,15.8,5.2
2025-10-28,10.1,0.0,102.00999999999999,13.5,6.3
2025-10-29,10.7,3.1,114.48999999999998,13.6,8.0
2025-10-30,14.8,54.9,219.04000000000002,18.5,11.4
2025-10-31,11.8,0.0,139.24,15.3,9.6
2025-11-01,10.7,0.0,114.48999999999998,16.1,6.7
2025-11-02,10.9,0.0,118.81,17.4,5.2
2025-11-03,12.6,1.4,158.76,17.6,9.2
2025-11-04,11.7,0.0,136.89,16.5,7.5
2025-11-05,12.6,0.0,158.76,20.2,4.6
2025-11-06,10.5,0.0,110.25,14.5,6.2
2025-11-07,10.2,0.3,104.03999999999999,16.5,2.9
2025-11-08,15.0,6.6,225.0,20.0,11.9
2025-11-09,14.3,15.5,204.49,20.4,9.6
2025-11-10,6.8,0.0,46.239999999999995,11.6,1.6
2025-11-11,2.1,0.0,4.41,6.2,-1.8
2025-11-12,8.3,0.0,68.89000000000001,14.1,2.9
2025-11-13,9.1,0.0,82.80999999999999,14.2,5.3
2025-11-14,7.7,0.0,59.290000000000006,12.6,1.7
2025-11-15,11.9,0.1,141.61,17.3,7.4
2025-11-16,13.3,0.1,176.89000000000001,18.2,7.1
2025-11-17,7.1,0.0,50.41,10.2,4.2
2025-11-18,5.0,6.0,25.0,9.7,0.2
2025-11-19,6.9,4.1,47.61000000000001,9.4,4.4
2025-11-20,6.3,0.3,39.69,8.1,4.1
2025-11-21,9.0,1.0,81.0,12.4,5.2
2025-11-22,10.2,8.1,104.03999999999999,13.5,6.2
2025-11-23,7.8,0.0,60.839999999999996,15.6,2.0
2025-11-24,8.2,0.0,67.24,13.9,4.7
2025-11-25,8.2,4.1,67.24,11.7,4.2
2025-11-26,14.2,1.4,201.64,20.1,8.1
2025-11-27,4.5,0.0,20.25,7.3,0.9
2025-11-28,1.7,0.0,2.8899999999999997,4.4,-0.3
2025-11-29,1.5,0.0,2.25,5.3,-2.0
2025-11-30,2.8,2.4,7.839999999999999,5.4,0.9
2025-12-01,2.9,0.0,8.41,6.6,0.3
2025-12-02,1.6,18.7,2.5600000000000005,3.9,-0.4
2025-12-03,1.9,0.0,3.61,5.9,-1.0
2025-12-04,1.3,0.0,1.6900000000000002,5.9,-1.5
2025-12-05,-1.7,3.0,2.8899999999999997,-0.6,-2.7
2025-12-06,0.4,0.0,0.16000000000000003,3.5,-1.3
2025-12-07,1.3,0.0,1.6900000000000002,5.2,-2.1
2025-12-08,-0.4,0.0,0.16000000000000003,1.6,-3.4
2025-12-09,-2.8,0.0,7.839999999999999,0.4,-6.4
2025-12-10,3.2,0.0,10.240000000000002,6.9,-1.2
2025-12-11,1.4,0.0,1.9599999999999997,5.3,-1.6
2025-12-12,-0.3,0.0,0.09,2.6,-2.3
2025-12-13,1.1,0.0,1.2100000000000002,6.1,-3.5
2025-12-14,-3.4,6.3,11.559999999999999,1.7,-8.6
2025-12-15,-6.6,0.0,43.559999999999995,-3.7,-9.2
2025-12-16,-3.0,0.0,9.0,2.5,-8.8
2025-12-17,3.6,0.0,12.96,11.0,-3.2
2025-12-18,4.8,5.6,23.04,11.4,-0.6
2025-12-19,9.6,11.7,92.16,14.3,0.3
2025-12-20,1.6,0.0,2.5600000000000005,6.2,-2.8
2025-12-21,5.1,0.0,26.009999999999998,9.4,0.8
2025-12-22,1.4,0.0,1.9599999999999997,6.7,-3.0
2025-12-23,4.8,2.5,23.04,7.5,2.6
2025-12-24,8.1,0.0,65.61,12.2,3.7
2025-12-25,6.6,0.1,43.559999999999995,13.1,2.2
2025-12-26,0.8,5.2,0.6400000000000001,2.8,-1.4
2025-12-27,3.3,0.0,10.889999999999999,5.6,0.9
2025-12-28,3.3,0.0,10.889999999999999,7.4,0.3
2025-12-29,7.9,0.5,62.410000000000004,14.4,-1.4
2025-12-30,-1.5,0.0,2.25,0.4,-3.3
2025-12-31,-0.6,0.3,0.36,2.6,-3.5
