station,daily_avg,total_trips,mape,rmse,mae,correlation,mape_rank
14th & Belmont St NW,62.46306429548564,91321,18.478176392331427,17.031983123896847,13.090652073461353,0.8286488732856321,1.0
Georgia & New Hampshire Ave NW,34.604651162790695,50592,20.52859521346327,11.513632159616963,8.306849663222852,0.7334278569600028,2.0
Columbia Rd & Belmont St NW,41.23529411764706,60286,21.689126835800927,12.759152715243316,9.87414624446989,0.7803889843504485,3.0
8th & O St NW,76.18262653898769,111379,22.32224260872474,18.28749332924572,13.522333116918494,0.7613068744893046,4.0
California St & Florida Ave NW,57.86183310533516,84594,22.327460519770586,14.083732010060553,10.993227436835447,0.7849336999438902,5.0
Convention Center / 7th & M St NW,48.930916552667576,71537,22.342537635159328,13.70144569657096,10.655101711013721,0.7613547314927044,6.0
New Hampshire Ave & T St NW,122.63885088919288,179298,22.372276294347166,32.02295101180589,24.73083533123456,0.8333929424535752,7.0
8th & F St NE,34.23461012311901,50051,22.419556165715246,8.566300733133305,6.682759357107615,0.7802802782384007,8.0
15th & P St NW,109.06634746922025,159455,22.458692980186456,27.501937617143728,21.275205022186462,0.8142771907940998,9.0
4th & M St SW,63.73255813953488,93177,22.619022981849767,15.9845450575311,12.476026702378732,0.8332066269896504,10.0
14th & R St NW,82.82147742818057,121085,22.774796257576995,19.866411105187087,15.751197807492913,0.8675092178658845,11.0
5th & K St NW,98.51231190150479,144025,22.98257867722037,24.272201140095575,18.915253561603333,0.8650907659982648,12.0
18th & New Hampshire Ave NW,63.89876880984952,93420,23.418980577693286,16.227446595567695,12.05876471591571,0.7943244022800208,13.0
Eckington Pl & Q St NE,51.92476060191518,75914,23.899812911940106,11.067075107547536,8.934362033159864,0.7725851817884013,14.0
Montello Ave & Holbrook Terr NE,16.612859097127224,24288,23.96671584299051,6.904941367316876,5.513196342953249,0.7288842714972981,15.0
Columbus Circle / Union Station,132.97674418604652,194412,23.99970325016444,33.51106548737626,25.43057229728081,0.847395065500305,16.0
13th & U St NW,49.03693570451436,71692,24.16436771139695,13.738501879060061,11.06024410778742,0.7841764869387772,17.0
14th & Girard St NW,31.39329685362517,45897,24.226875234515084,10.291901702501947,8.09089046511055,0.7102450633871268,18.0
17th & Corcoran St NW,73.53419972640219,107507,24.243023546256875,18.33642692147447,14.238538052224264,0.7905791747086581,19.0
D St & Maryland Ave NE,36.665526675786595,53605,24.67157524557386,10.298740152774757,8.052622264330875,0.7473626049135211,20.0
5th St & Massachusetts Ave NW,54.1812585499316,79213,24.683971223822468,13.168086892068466,10.203276609362925,0.8290174119861091,21.0
Lamont & Mt Pleasant NW,61.88919288645691,90482,25.15966567968294,21.562572862908855,17.399539222351397,0.8234645667906293,22.0
1st & I St SE,61.151162790697676,89403,25.836748096111734,16.67568117404499,13.210079678766233,0.8370128694092772,23.0
7th & S St NW,38.803693570451436,56731,25.878849847727636,10.466389081899042,8.412354721551353,0.7177805835129712,24.0
14th & Q St NW,50.81942544459644,74298,25.97177214864913,13.827115385556715,11.173637903944279,0.825802721165917,25.0
6th & H St NE,68.22777017783858,99749,26.37065738230101,16.452358274517856,12.855263125491382,0.780665390054515,26.0
8th & H St NW,60.555403556771545,88532,26.51976278859464,16.59590795439705,13.794317944881609,0.8269434895750888,27.0
New Jersey Ave & R St NW,36.36046511627907,53159,26.526645915376495,9.686599308536328,7.64761661702549,0.8026836936101114,28.0
14th & V St NW,96.91313269493844,141687,26.560420910031713,30.607797584773643,25.261429090695284,0.81866119960444,29.0
Florida Ave & R St NW,37.49794801641587,54822,26.763411835674734,10.96929986656863,8.6230750752122,0.7678308208121707,30.0
17th & K St NW,51.864569083447336,75826,27.015259223877063,14.073856400418014,11.030881252809635,0.8525559723818108,31.0
Georgia Ave & Morton St NW,32.83036935704514,47998,27.085139208562243,13.49586886063506,10.513523994979202,0.8145233165536266,32.0
16th & Harvard St NW,43.93160054719562,64228,27.25280804854385,16.263234735983158,13.133395881322032,0.7574645434077444,33.0
3rd & G St SE,34.86662106703147,50975,27.254433153580155,9.881028892301046,7.925217752424872,0.81253055674185,34.0
Adams Mill & Columbia Rd NW,77.62448700410397,113487,27.37152832893693,24.74371748126961,19.87344196008236,0.7860654783558136,35.0
23rd & M St NW,57.14158686730506,83541,27.503355512291762,15.387399471425324,12.358583797801485,0.8004289894728441,36.0
11th & Girard St NW,46.62995896032832,68173,27.54834949753457,16.347574899911578,13.169316940850758,0.7498921507107442,37.0
Massachusetts Ave & Dupont Circle NW,69.03351573187415,100927,27.576999301614375,118.52988114985487,103.1084366057236,-0.3990796269146911,38.0
14th & Irving St NW,76.60328317373461,111994,27.610566330467,27.44966253232614,21.985076828466077,0.7350493963258932,39.0
14th & D St SE,27.591655266757865,40339,27.68085104242533,7.187961811707577,5.68506656028411,0.7615005763500783,40.0
14th & Newton St NW,34.13679890560876,49908,27.762746782551407,11.318012501319652,9.078571332411512,0.7537638160282806,41.0
10th St & Florida Ave NW,38.32900136798906,56037,27.766337838967342,11.859036255735782,9.319695751570682,0.7911304791736273,42.0
22nd & I St NW / Foggy Bottom,49.37277701778386,72183,27.819774019987374,19.786356076876668,15.7133643344168,0.8291133328384097,43.0
8th & H St NE,27.367305061559506,40011,27.857446429674138,9.20651137753409,7.249393757356794,0.7788647375459158,44.0
Columbia & Ontario Rd NW,58.452120383036934,85457,27.918892250641637,20.975929645164445,16.868851747061708,0.6955128450204834,45.0
10th & H St NE,25.230506155950753,36887,28.000721578547584,7.872037221632826,6.0735031850907495,0.6972627339881667,46.0
1st & O St NW,30.850889192886456,45104,28.1150867615985,8.861033384225035,7.193152132826054,0.6733309638936235,47.0
Lincoln Park / 13th & East Capitol St NE ,43.43844049247606,63507,28.201102131115118,14.166202443464966,11.31913509213167,0.8147101796840083,48.0
5th & Morse St NE,31.90218878248974,46641,28.538721177218758,13.48941062626386,10.919723006524341,0.8592906198341362,49.0
20th & O St NW / Dupont South,56.53761969904241,82658,28.594701421395442,18.09993844442375,13.8173020457624,0.8134540372460154,50.0
3rd & H St NW,37.47332421340629,54786,28.774695555763756,11.26204929773528,8.821258180248677,0.7751041137966748,51.0
16th & R St NW,39.88714090287278,58315,28.86153206431889,12.804818195593734,10.065702702284666,0.7122587323553242,52.0
6th & K St NE,25.99794801641587,38009,28.95024051201372,7.3075986700389395,5.672047527079445,0.7323127693071513,53.0
25th St & Pennsylvania Ave NW,50.82079343365253,74300,28.984930517728095,15.172782636343166,11.976789472150726,0.85001762604842,54.0
7th & F St NW / National Portrait Gallery,51.0499316005472,74635,28.986044116600624,16.52620827933659,12.599129988283382,0.7854756606355832,55.0
15th & F St NE,19.802325581395348,28951,29.063836413545808,6.586163762235056,5.334276937570703,0.7128546587896584,56.0
Rhode Island & Connecticut Ave NW,32.47332421340629,47476,29.085560771699242,8.926624028315063,6.811140197763675,0.7380819545718252,57.0
Grant Circle,17.120383036935703,25030,29.11015988790759,7.135323906292181,5.764514256769395,0.6835033390368422,58.0
1st & Rhode Island Ave NW,50.83584131326949,74322,29.16905314845679,16.972780847178743,13.34835353428011,0.7754590965177803,59.0
7th & K St NW,55.92270861833105,81759,29.38126004656611,15.647728696494857,11.807756441958388,0.8017091743929371,60.0
11th & Clifton St NW,26.98221614227086,39448,29.38421456368026,11.919301853080796,9.637586699856207,0.6758644010473853,61.0
3rd & Elm St NW,36.578659370725035,53478,29.466748202246524,10.838412016461852,8.323199962250815,0.7466319355872311,62.0
New Jersey Ave & K St NW,22.01983584131327,32193,29.75402803357777,18.348833115834683,12.787377655778377,0.42652100032477164,63.0
11th & O St NW,46.53761969904241,68038,29.83248909084986,13.628423576671773,10.801648835744755,0.754914539228256,64.0
Pentagon City Metro / 12th St & S Hayes St,18.74076607387141,27399,29.920250119989976,6.271650464088123,4.776788628608073,0.7813993625449899,65.0
Tanner Park,42.60054719562243,62282,29.979713039152774,14.524073716906953,12.074818256674446,0.7504005714894302,66.0
9th & Upshur St NW,23.96238030095759,35033,30.271534478602657,9.102143824879393,6.87503434568151,0.746358561691438,67.0
7th & Monroe St NE,16.580711354309166,24241,30.5043359043322,7.98740157789521,6.297127622399928,0.8072551998145068,68.0
New York Ave & Hecht Ave NE,25.473324213406293,37242,30.57873299284255,8.199389975667577,6.426042196300166,0.7498217070778503,69.0
10th & K St NW,39.16142270861833,57254,30.908868697520216,10.839554276451292,8.354025510148999,0.7628560115449139,70.0
11th & M St NW,72.07523939808482,105374,31.00563924924371,21.957335693904874,17.190485424907983,0.7736496560191707,71.0
New Hampshire Ave & 24th St NW,46.458960328317374,67923,31.197214497745595,15.197129575153731,12.040582725246386,0.7651085252768193,72.0
North Capitol & R St NE,25.48016415868673,37252,31.511667008901867,9.161725738997033,7.321917910839779,0.7671257915125697,73.0
13th & D St NE,29.877564979480166,43681,31.959524923246498,9.07161242843053,7.023771188785716,0.7636285232069459,74.0
Vermont Ave & I St NW,39.65389876880985,57974,32.12615712669519,11.684869669988483,9.117647417244727,0.7800038153602972,75.0
15th & East Capitol St NE,20.480848153214776,29943,32.494935243144,6.110419831392636,4.705458300751769,0.7461380560016991,76.0
11th & S St NW,46.41039671682626,67852,32.769672329793806,14.900171738796978,11.732194367837835,0.7838625783923552,77.0
8th & D St NW,25.966484268125853,37963,32.82328557535963,9.876974483963282,7.29564870381515,0.7530952219319932,78.0
3rd & H St NE,49.06497948016416,71733,33.26490522275638,15.846602951428101,12.70372924032362,0.7635460965963194,79.0
8th & V St NW,47.32216142270862,69185,33.290586193921285,18.756049686268508,15.399914483878167,0.7783937415337856,80.0
18th St & Wyoming Ave NW,66.24829001367989,96855,33.602941064745416,21.508910967974252,17.430509764134335,0.7276393729872843,81.0
4th & W St NE,18.145690834473324,26529,33.76226158998384,6.8512377777917495,5.506663682803443,0.7586980619719794,82.0
11th & V St NW,27.3734610123119,40020,33.78999689956779,11.473670155207774,9.139004169236674,0.7352995229877215,83.0
15th & W St NW,74.94049247606019,109563,34.10593020569369,28.36870028738044,23.485680411058354,0.7639815687423727,84.0
11th & F St NW,20.694938440492475,30256,34.24479764575761,9.179881119832963,7.1278751038717045,0.7255105448956093,85.0
2nd & G St NE,39.48837209302326,57732,34.77772743459212,12.121052398230228,9.640038756280118,0.7073066117181381,86.0
18th & L St NW,32.16826265389877,47030,34.81625809677437,8.728738327707049,6.769144226659572,0.8627024808156516,87.0
1st & Washington Hospital Center NW,15.811901504787961,23117,34.956187873997244,6.053846185813412,4.813937319683718,0.8062886806062263,88.0
Wisconsin Ave & O St NW,45.75376196990424,66892,34.95812644227736,18.24702747762414,14.427180922969479,0.7452342793018234,89.0
14th & Upshur St NW,13.12859097127223,19194,34.959837967674055,6.98991812991097,5.346808941038955,0.7232716584804874,90.0
Van Ness Metro / UDC,15.60328317373461,22812,35.02753427734343,7.273481564088122,5.75597633503697,0.7279071822382518,91.0
20th St & Florida Ave NW,37.620383036935706,55001,35.12607072767714,12.553899438462913,10.300112696272528,0.7573076570093873,92.0
13th & H St NE,42.60533515731874,62289,35.15108477902108,18.818767944856205,15.307597324199088,0.7560896063861348,93.0
Calvert St & Woodley Pl NW,33.22024623803009,48568,35.151496078919706,12.821895435206438,10.25811249862096,0.698779475295705,94.0
Edgewood Rec Center,15.419972640218878,22544,35.162665369551185,6.788367421117314,5.25938852771213,0.6608875720111216,95.0
15th St & Massachusetts Ave SE,20.45280437756498,29902,35.174958821568474,7.480421061325495,6.061016637568012,0.6838128946184627,96.0
3rd St & Pennsylvania Ave SE,39.705198358413135,58049,35.27267615805732,12.32161917391432,9.6307278825024,0.7687908644505398,97.0
Virginia Square Metro / Monroe St & 9th St N,16.202462380300958,23688,35.2899728842075,6.480167253277885,5.097539269021408,0.7150683789453676,98.0
6th St & Indiana Ave NW,33.627906976744185,49164,35.48622346056973,10.692261278937014,8.058543299991634,0.7634497570134717,99.0
Potomac & Pennsylvania Ave SE,26.887140902872776,39309,35.498735905569454,8.216097462429337,6.6771765954756095,0.8105469465173679,100.0
15th & L St NW,28.45075239398085,41595,35.69177080073667,12.864139430567256,9.847027722366622,0.7797120869698457,101.0
11th & Park Rd NW,40.093023255813954,58616,36.06398683580447,17.207709559360392,13.606231546867967,0.7203917848308982,102.0
13th St & New York Ave NW,25.729138166894664,37616,36.095688020380905,8.628044732055342,6.622177127090207,0.7804722313004909,103.0
North Capitol St & F St NW,34.0984952120383,49852,36.17565617805502,10.73585417655355,8.233596779318487,0.7825219520212888,104.0
Georgia & Missouri Ave NW,11.752393980848153,17182,36.242880634316066,6.208429768975186,4.943266495126233,0.6473129189442264,105.0
North Capitol St & G Pl NE,16.307113543091656,23841,36.33913726952382,6.245952398993958,4.863611348479914,0.7962059995257035,106.0
24th & N St NW,25.753077975376197,37651,36.53022237987392,8.137038296120663,6.248059187367129,0.7727279196850264,107.0
Woodley Park Metro / Calvert St & Connecticut Ave NW,35.04924760601915,51242,36.65798948664989,13.301415165824526,9.80698738410059,0.7300596618365104,108.0
Massachusetts Ave & 6th St NE,26.01983584131327,38041,36.72943006299558,8.461434635472463,6.691799027890104,0.728275485494732,109.0
3rd & Tingey St SE,25.745554035567714,37640,36.78226467178459,9.983610255588484,8.013909714781821,0.751535408762715,110.0
Rhode Island Ave Metro,15.635430916552668,22859,37.005812627756846,7.842865670596969,6.425772953164412,0.5607152100418902,111.0
18th & M St NW,38.77017783857729,56682,37.068671533771955,11.815732648413569,9.539691370150688,0.7828467033609946,112.0
1st & H St NW,26.610807113543093,38905,37.25238783058378,12.953268050232376,10.414324872374866,0.6941154060730884,113.0
Potomac & M St NW,44.80437756497948,65504,37.326619302970705,20.049503969814964,14.610702250663728,0.6925798089001015,114.0
Columbia Rd & Georgia Ave NW,36.96032831737346,54036,37.53973513573237,12.980800622082162,10.29266713219484,0.7233109381767104,115.0
4th & Florida Ave NE,71.99110807113543,105251,37.60759741154052,34.0686317258066,28.284276772042272,0.8070694716285359,116.0
39th & Calvert St NW / Stoddert,21.06361149110807,30795,37.77166930752448,11.398768578792025,9.395286370464536,0.7355642643829066,117.0
17th St & Massachusetts Ave NW,40.34678522571819,58987,37.80506973705385,14.454620491250603,11.261811189961286,0.6898672921056014,118.0
Park Pl & Rock Creek Church Rd NW,16.312585499316004,23849,38.06009307143172,9.677709028548401,7.799315557873401,0.7163532354314324,119.0
Crystal City Metro / 18th St & S Bell St,18.19562243502052,26602,38.1449441837918,6.467057727018592,5.164432711075953,0.7659003394367415,120.0
Clarendon Blvd & Pierce St,12.939124487004104,18917,38.27588706497047,6.078643478076533,4.823550347273706,0.7717270759305443,121.0
12th & L St NW,38.524623803009575,56323,38.287074459202735,13.498490033061582,10.333729479162011,0.7379064009909759,122.0
Neal St & Trinidad Ave NE,13.53419972640219,19787,38.35405766710353,5.569287481841841,4.458132823621369,0.7457094170422323,123.0
Virginia Ave & 25th St NW,28.007523939808483,40947,38.7004662080542,11.340657908138267,8.376371154338019,0.6903907414527058,124.0
Hamlin & 7th St NE,14.733242134062927,21540,38.714053809364366,8.018514624961389,6.436899124116536,0.6595920022155558,125.0
17th & G St NW,41.77975376196991,61082,38.99554138682294,15.513591069975444,11.587479415838098,0.7510386182610634,126.0
Kansas Ave & Sherman Cr NW,16.98016415868673,24825,39.07669696400782,7.404601825030406,5.785702149756261,0.5615811625172364,127.0
22nd & P ST NW,47.222298221614224,69039,39.1415898465309,16.578873178637476,12.821066520135528,0.7889181859358854,128.0
4th & G St SW,37.22093023255814,54417,39.27632512909792,15.178431658893372,11.927987196706646,0.7678179040270274,129.0
15th & Euclid St NW,47.31190150478796,69170,39.48963502033324,25.07569711178959,20.80448475300697,0.7613941674398602,130.0
17th & P St NW,65.02051983584131,95060,39.69794528584161,27.733810260603416,22.85954766267026,0.7867541323344814,131.0
1st & K St NE,57.85430916552668,84583,39.796795859400035,19.905214227989948,13.883122504419285,0.7879565352384078,132.0
Connecticut Ave & Macomb St NW / Cleveland Park,15.454172366621068,22594,39.886973382987996,6.971309640496017,5.618004455815277,0.6693900545259402,133.0
MBT & Bryant St NE,42.16415868673051,61644,40.02344109850853,18.671661200565804,14.93446811029625,0.8054842665588008,134.0
Thomas Circle,60.238030095759235,88068,40.15607036724168,19.95609862284364,16.173224432628235,0.7340461704383308,135.0
7th & E St SW,15.412448700410396,22533,40.16502601160195,7.1631562313745745,5.426446518219629,0.6738475307791689,136.0
M St & Pennsylvania Ave NW,43.22777017783858,63199,40.324431672540264,47.03361452302827,38.51792189854757,0.057897021610676724,137.0
8th & Eye St SE / Barracks Row,17.27838577291382,25261,40.43981484371427,6.700103137811035,5.319754756143522,0.7215328450027035,138.0
Georgia Ave & Fairmont St NW,15.164158686730506,22170,40.55150738008037,8.461439188528079,6.671629539407146,0.7229125033384856,139.0
12th St & Pennsylvania Ave SE,18.660054719562243,27281,40.6199150401146,6.450936653720408,5.029839830722916,0.7114277675582054,140.0
14th & G St NW,28.891928864569085,42240,41.01857176976031,11.694746744849647,8.725124072835316,0.650884253364767,141.0
Ballston Metro / Stuart St & 9th St N,20.03830369357045,29296,41.15096375483272,8.183745327324896,6.340907294631846,0.7889112893900172,142.0
Reservoir Rd & 38th St NW,32.39945280437757,47368,41.17424127565779,18.338234319065112,14.907676725598181,0.7998725942169168,143.0
Maryland Ave & E St NE,34.30232558139535,50150,41.27106284831164,15.052320185981522,11.319030637417038,0.6504098586909749,144.0
Takoma Metro,19.29206566347469,28205,41.57791558702676,12.57846184755268,10.00901772101486,0.7498424653515801,145.0
New Hampshire Ave & Ward Pl NW,61.84678522571819,90420,41.70304520858379,24.05124253162787,19.81364465449466,0.7562834771104631,146.0
Maine Ave & 7th St SW,53.1703146374829,77735,41.74406319900864,21.80260000427563,17.38023417064814,0.7949645553394572,147.0
Eastern Market / 7th & North Carolina Ave SE,43.71887824897401,63917,41.764805210947095,17.8376802982891,14.640378638752985,0.7992512482060609,148.0
14th & Otis Pl NW,45.35909712722298,66315,42.169605326182705,22.05656225710429,17.679859849199282,0.6971410563768787,149.0
Fort Totten Metro,25.816005471956224,37743,42.27631491373472,16.41777900831149,13.251979062459794,0.6997500717782474,150.0
14th & L St NW,33.24418604651163,48603,42.33951602251545,9.84680668899187,7.692693584399623,0.7776538842571802,151.0
15th & K St NW,24.883036935704514,36379,42.367146582284555,8.116930587493034,6.344058853841237,0.7986139372649567,152.0
16th & Irving St NW,39.82831737346101,58229,42.47682244332629,20.270754761202806,16.365983462085747,0.5601954109663345,153.0
Wilson Blvd & N Quinn St,14.370725034199726,21010,42.49441362696973,6.567231291867962,5.0822731739852465,0.7362220833590061,154.0
New Hampshire & Gallatin St NW,12.825581395348838,18751,42.524152156178694,6.423939604529111,5.18218543437958,0.6323875594030792,155.0
1st & M St NE,97.03351573187415,141863,42.57103381665142,38.36796448584107,29.148459811578835,0.7517604641983789,156.0
Rosslyn Metro / Wilson Blvd & N Moore St,28.053351573187413,41014,42.60461972697975,12.252888235512541,9.860013204747567,0.7755860983132092,157.0
8th & East Capitol St NE,18.303009575923394,26759,42.62202331896175,7.545230945953963,6.1510167463794225,0.6860324085874344,158.0
Eads St & 12th St S,19.49863201094391,28507,42.64470458465373,8.58120844469207,6.831474110162753,0.810604013819838,159.0
Clarendon Metro / Wilson Blvd & N Highland St,26.090971272229822,38145,42.728757156712504,10.850775307972055,8.363877904519628,0.765860020074067,160.0
10th & G St NW,24.234610123119015,35431,42.809420267046114,10.261099137108763,7.692940373250876,0.5435247624528567,161.0
2nd & V St SW / James Creek Marina,14.91655266757866,21808,42.86538724777049,8.015221716633413,6.285562958313938,0.6992047495851422,162.0
M St & New Jersey Ave SE,21.846785225718193,31940,43.052830478019324,10.247252733073323,8.093564756207156,0.7133878377029145,163.0
11th & Kenyon St NW,63.45075239398085,92765,43.08504232457553,31.929804997322552,26.77588718966254,0.6594589936365749,164.0
Maine Ave & Water St SW,19.389192886456907,28347,43.708175502952926,10.596068377051822,7.9980738456925184,0.7409225149355042,165.0
Lincoln Rd & Seaton Pl NE/Harry Thomas Rec Center,15.911080711354309,23262,43.732060483446254,6.807969103246228,5.516217026138391,0.6992708364470808,166.0
21st & I St NW,47.454172366621066,69378,43.951281740819056,13.856176651470726,10.627663765168665,0.854800103062119,167.0
19th & East Capitol St SE,14.011627906976743,20485,44.08334370810962,6.998256751792883,5.6121985213457615,0.6340376085009856,168.0
22nd & H St NW,26.7749658002736,39145,44.10835349055942,8.85844205074089,6.70630007333509,0.7907473381263027,169.0
Calvert & Biltmore St NW,21.658686730506155,31665,44.45018920852636,9.290681625884082,7.2301138685541195,0.6957161597487295,170.0
10th & U St NW,27.337893296853625,39968,44.68872195276705,12.08857368277852,9.867645653006933,0.7218866817277051,171.0
21st St & G st NW,38.82147742818057,56757,44.736804030169026,14.247581493668271,11.192858390748894,0.7655216679998881,172.0
Main Line Blvd & E Glebe,10.170998632010944,14870,44.97829331214484,4.809504361369023,3.770686155555793,0.7191484982881036,173.0
14th & Harvard St NW,20.409028727770178,29838,45.03288718165492,10.267912926001362,8.40881307858108,0.6129862952796677,174.0
North Capitol & K St NE,14.348837209302326,20978,45.058530757682156,12.058070487199515,9.120019413859959,0.638423814799526,175.0
15th St & Constitution Ave NW,44.34610123119015,64834,45.0957714653876,20.86974778286993,13.896125065215756,0.7268042525023849,176.0
37th & O St NW / Georgetown University,63.43023255813954,92735,45.59959110909779,29.639102420578514,23.464046043236102,0.8048820698858482,177.0
1st & D St SE,33.803693570451436,49421,45.61976893265436,12.332109924267003,9.794345744039898,0.8199550426567467,178.0
Crystal Dr & 15th St S,13.533515731874145,19786,45.700730950922264,6.191719134136525,4.633483130034573,0.680424526489389,179.0
3000 Connecticut Ave NW / National Zoo,17.70451436388509,25884,45.846648855902394,7.764317144497235,6.129233298001468,0.666233657412989,180.0
Connecticut & Nebraska Ave NW,12.631326949384405,18467,45.85995761163193,6.913831722908478,5.61991372387779,0.686391527577198,181.0
USDA / 12th & C St SW,17.456224350205197,25521,45.8652665120667,12.189125807173589,7.502334358692888,0.5713896478387639,182.0
New Jersey Ave & F St NW,51.634746922024625,75490,45.9418388384262,15.900756664291626,12.238437645610125,0.8301338102000216,183.0
Wisconsin Ave & Newark St NW,22.612175102599178,33059,46.313523639979806,12.247654163869594,9.905240693818772,0.7474974023937898,184.0
36th & Calvert St NW / Glover Park,12.439124487004104,18186,46.89573538460145,6.778488879678527,5.39897686953682,0.6405635111149829,185.0
7th St & Massachusetts Ave NE,20.837893296853625,30465,46.98338123546662,9.121625465706547,7.505143596622517,0.6088294514757066,186.0
15th & M St NW,39.18331053351573,57286,47.13850071115941,15.556476459529271,12.423653357824916,0.7724583341156879,187.0
19th & G St NW,23.521203830369355,34388,47.388784312698476,8.219511336972994,6.201578083224419,0.8524158458376183,188.0
5th & F St NW,28.525991792065664,41705,47.4300683906113,12.748989371282592,8.025341262965902,0.5597467138825778,189.0
New Jersey Ave & N St NW/Dunbar HS,29.265389876880985,42786,47.46109469881176,12.201616628590017,9.944435339932417,0.6771732783624682,190.0
1st & M St SE,37.341997264021884,54594,47.567990958934146,15.459499838988867,11.778394360205665,0.6985100946715251,191.0
1st & N St SE,32.89124487004104,48087,47.76805059794521,15.93083807803109,12.145332108464125,0.7679906362314992,192.0
Hardy Rec Center,11.764021887824898,17199,47.87645653951351,7.515863318515158,6.102179067896171,0.5698518265354301,193.0
New Jersey Ave & H St SE,34.79616963064296,50872,47.98302193001226,19.133883534417198,15.170913491450568,0.787860743924448,194.0
3rd & M St SE,16.301641586867305,23833,48.066347285186325,7.053145883367951,5.518816918134262,0.8415533562777476,195.0
4th & C St SW,44.41655266757866,64937,48.2248992476762,17.2470092408436,13.865722232507597,0.7363402486136666,196.0
18th & R St NW,51.62995896032832,75483,48.227406193256854,22.526023204621094,17.976755194266005,0.7395223952028098,197.0
10th & Monroe St NE,12.377564979480164,18096,48.37201504355731,6.555906548500278,5.184040639673189,0.5679960523842605,198.0
Wilson Blvd & N Quincy St,15.121751025991792,22108,48.50344336462899,7.287484304713513,5.970258739757897,0.7383772495431268,199.0
20th & E St NW,22.265389876880985,32552,48.869973270980054,7.435362646269867,5.654317847653877,0.7608281350077571,200.0
Washington & Independence Ave SW/HHS,37.21067031463748,54402,48.99814715936689,14.21642590559437,11.206237195969761,0.7106164134693113,201.0
Court House Metro / 15th St & N Uhle St,19.093707250341996,27915,49.235628062984375,12.035819916068593,9.829056696252549,0.7579301165551372,202.0
4th & E St SW,28.96169630642955,42342,49.35554576545273,12.108901280851601,9.685235267430718,0.7397058676812973,203.0
Braddock Rd Metro South,12.78248974008208,18688,49.38937383104378,5.141943174173974,4.109880448932287,0.7027527508293484,204.0
Connecticut Ave & R St NW,46.49452804377565,67975,49.5702097427304,22.4706892362328,18.844476790522105,0.7486415468674801,205.0
4th & M St SE,28.676470588235293,41925,49.652387110229,11.099891099593089,8.800895750563251,0.6480121198984868,206.0
Harvard St & Adams Mill Rd NW,16.058823529411764,23478,49.991150558353816,8.16872502366087,6.160405398794349,0.7475254454568898,207.0
4th & East Capitol St NE,35.36320109439124,51701,50.47447551801353,15.914072801354738,12.952776947005663,0.7494213756235908,208.0
Constitution Ave & 2nd St NW/DOL,43.94801641586867,64252,50.86831191544373,16.2077851079588,12.506755767503613,0.7514606966694163,209.0
12th & U St NW,27.79480164158687,40636,51.49376613104859,13.6738035836215,10.699582003267036,0.6213073851282727,210.0
Park Rd & Holmead Pl NW,55.930916552667576,81771,52.12846184948224,33.79217112311173,28.26500191573519,0.5944534017214117,211.0
Wilson Blvd & N Edgewood St,11.969904240766073,17500,52.29720572142402,5.559349098922323,4.48604311874741,0.7721254474796125,212.0
Wisconsin Ave & Rodman St NW,10.127222982216143,14806,52.62932289529403,5.160173026705417,4.108953239714886,0.6638087027165114,213.0
17th & K St NW / Farragut Square,41.810533515731876,61127,52.646215795137984,13.455319872668092,9.997780288053846,0.8392472172303861,214.0
2nd St & Seaton Pl NE,18.109439124487004,26476,52.93873620537364,10.770642863867993,8.785370506966789,0.696405950515195,215.0
Langston Blvd & N Adams St,12.92954856361149,18903,53.23758333383949,8.228395379466328,6.352237022935114,0.5777476603492966,216.0
Metro Center / 12th & G St NW,43.799589603283174,64035,53.2827912169162,15.710891449558728,12.834944470052314,0.7733179866631319,217.0
Rhode Island Ave & V St NE,10.24076607387141,14972,53.69625205607381,5.66030336054456,4.4951862227509665,0.5867332573182373,218.0
West Hyattsville Metro,11.478796169630643,16782,54.24417686144061,9.27613418127209,7.838337350740281,0.6913881601661788,219.0
11th & C St SE,20.403556771545826,29830,54.33251532468522,10.30065219786437,8.479031167169882,0.7646039991240406,220.0
L'Enfant Plaza / 7th & C St SW,29.163474692202463,42637,55.13782308063896,12.493411824707477,9.67827322283291,0.6790320613530613,221.0
18th St & Pennsylvania Ave NW,28.344733242134062,41440,55.255320187134686,9.069199807229724,6.724634648594,0.8376952706077329,222.0
14th St & New York Ave NW,22.062927496580027,32256,55.94952163330811,10.270148411192427,7.3145539720431225,0.7312478912551221,223.0
Potomac Ave & 8th St SE,12.367305061559508,18081,56.04490132480491,6.237859445947825,4.8909469627577105,0.686996650455932,224.0
Georgetown Harbor / 30th St NW,37.41518467852257,54701,56.6509062320671,20.32820190010576,16.257634245285857,0.7397343004674517,225.0
10th & E St NW,30.734610123119015,44934,56.803965573384204,10.427445012063867,8.472553911329396,0.6713131232290158,226.0
Crystal Dr & 23rd St S,11.554719562243502,16893,57.365413312567185,6.413410090448805,5.050333201432518,0.7123166451420493,227.0
Eads St & 15th St S,12.104651162790697,17697,57.37032710442131,5.799844510646955,4.58395185013334,0.780776032331861,228.0
Union Market,28.34952120383037,41447,57.71372165960332,20.004504095453182,16.255942228914442,0.7685407360736599,229.0
4th St & Madison Dr NW,76.54240766073872,111905,58.37044827062577,31.5038147736982,24.671449922238807,0.8076962480708992,230.0
Oklahoma Ave & D St NE,11.900136798905608,17398,59.274000645423065,6.069974255183726,4.759874042273936,0.63280520460486,231.0
19th St N & Ft Myer Dr,13.177838577291382,19266,59.738853961589534,10.414350799008531,7.9022320613583235,0.6486462117391383,232.0
13th & E St SE,11.42954856361149,16710,59.854861888042606,5.176376460605305,4.1608385494194735,0.6732468840918039,233.0
15th St & Pennsylvania Ave NW,38.89466484268126,56864,59.91618066513775,15.03772532898685,10.769864387057835,0.7034876548556621,234.0
Half & Water St SW,14.651162790697674,21420,59.9428714735266,8.01936404413886,6.690551793303743,0.5268679754280352,235.0
34th St & Wisconsin Ave NW,26.527359781121753,38783,60.71152502383256,17.616262801324034,14.280269700181734,0.6626519956272481,236.0
19th St & Pennsylvania Ave NW,16.76265389876881,24507,61.290885699265566,5.524631550998382,4.158575461862151,0.8140297506456423,237.0
1st St & Potomac Ave SE,24.316005471956224,35550,61.49110138158592,12.910147426495792,10.247773849952099,0.7900611519588667,238.0
Thomas Jefferson St NW & Water/K St NW,24.96511627906977,36499,61.58010443689983,16.29212145239616,13.096033550308613,0.6603607919612664,239.0
Tenleytown / Wisconsin Ave & Albemarle St NW,19.459644322845417,28450,62.384980826199985,13.559884702932997,11.394127572091888,0.7321158392624345,240.0
3rd & D St SE,27.145690834473324,39687,62.502491269759894,14.467558290858426,12.21165600532041,0.7081119007042381,241.0
Pentagon Row Plaza / Army Navy Dr & Joyce St,11.970588235294118,17501,62.94855210149635,7.151675020362446,5.8076785591334605,0.7750118371290995,242.0
Maine Ave & 9th St SW,53.127906976744185,77673,64.01342549088729,23.275281937494654,17.714645581353487,0.7599637143127284,243.0
Crystal Dr & 20th St S,14.664158686730506,21439,64.38622859068356,7.837686278573546,5.976612021564073,0.745439295759827,244.0
4th & D St NW / Judiciary Square,14.448016415868674,21123,64.82087410467369,7.801911185807362,6.099411607435085,0.7699215663064646,245.0
Iwo Jima Memorial / Meade & 14th St N,14.69562243502052,21485,65.98615602849283,6.954908346967814,5.255906889890692,0.6995210879965479,246.0
10th St & Constitution Ave NW,36.862517099863204,53893,66.09039011296332,15.945279564869761,11.722788255619003,0.7060845259280468,247.0
Kennedy Center,18.54924760601915,27119,67.28872701509704,8.80821225776508,6.756372665804358,0.6532484318600547,248.0
Maryland Ave & 17th St NE,15.662106703146375,22898,67.35243476264199,10.475848509832806,8.779254619031203,0.6081483095157294,249.0
Potomac Ave & Half St SW,13.116279069767442,19176,67.60973500324279,8.634380850182193,6.952434955536589,0.6050722646051333,250.0
23rd & E St NW ,23.47469220246238,34320,68.77703093011992,11.076763681102834,7.708767879759423,0.6328699129380644,251.0
2nd St & Massachusetts Ave NE,47.31326949384405,69172,69.22143794518908,22.401431012980684,19.12975200342634,0.756831177841782,252.0
Ward Circle / American University,11.946648426812585,17466,71.00130023394583,8.635215326640811,6.724652127584263,0.8279009090359603,253.0
Wilson Blvd & N Uhle St,11.815321477428181,17274,73.54498949157046,7.861727617024744,6.386494251143984,0.6231360668172754,254.0
Independence Ave & L'Enfant Plaza SW/DOE,21.946648426812587,32086,74.85146227986898,13.754559982305809,8.8476002141114,0.5931155302508114,255.0
Ohio Dr & West Basin Dr SW / MLK & FDR Memorials,28.406292749658004,41530,75.55781426942991,22.613957442256027,12.34687583274588,0.6667261256364193,256.0
18th & C St NW,12.481532147742818,18248,76.81275528439444,7.858484874883484,5.979624671667251,0.49254034551581677,257.0
Hains Point/Buckeye & Ohio Dr SW,20.36593707250342,29775,76.94252043201101,20.472319946331666,10.33742945801151,0.6058763252763205,258.0
Wilson Blvd & N Oak St,13.35499316005472,19525,77.06265845180617,10.643853267935869,9.101735281457632,0.7557165265665141,259.0
7th & R St NW / Shaw Library,41.94117647058823,61318,83.73270464071025,51.446136483604484,44.1961138086753,0.7378671750676093,260.0
19th St & Constitution Ave NW,18.98563611491108,27757,84.06065277954079,14.618846337389247,8.606021737909575,0.6374529522113495,261.0
N Lynn St & Fairfax Dr,13.081395348837209,19125,87.46044399130012,11.356280350931529,9.241427858505327,0.5849909861033342,262.0
21st St & Pennsylvania Ave NW,21.05608755129959,30784,88.10184772708917,8.908908314271818,6.554066956327947,0.793059950428987,263.0
Lincoln Memorial,86.26196990424077,126115,92.86937309282752,43.33306231865415,30.84943527140286,0.7547748923980564,264.0
Henry Bacon Dr & Lincoln Memorial Circle NW,65.21614227086184,95346,93.27012732236297,36.358177109397054,25.19663982585461,0.6668623916010746,265.0
10th St & L'Enfant Plaza SW,21.408344733242135,31299,95.90282755343681,12.646586275730403,9.953752212784735,0.6789927904119244,266.0
Smithsonian-National Mall / Jefferson Dr & 12th St SW,67.85362517099863,99202,96.40014101634756,31.19874480654863,23.27259864508471,0.7655835858532429,267.0
20th & L St NW,29.15731874145007,42628,97.60135002848725,14.680831387999142,12.21870110266204,0.737720322840344,268.0
8th & K St NE,13.384404924760602,19568,100.0,17.44683010152542,11.42792008080093,-0.04543220188927041,269.0
Jefferson Dr & 14th St SW,78.72298221614227,115093,103.12119021350942,33.40071106505263,23.127451961635753,0.7494313106939144,270.0
Roosevelt Island,19.28043775649795,28188,103.61251222140213,11.844504626284715,9.08734355802464,0.7836980062636768,271.0
22nd St & Constitution Ave NW,19.53967168262654,28567,104.1699772869546,16.270838515662007,10.962842504467684,0.5089203262112927,272.0
17th St & Independence Ave SW,44.19972640218878,64620,106.06855184256356,28.9970586876056,18.897401743792006,0.7144899380876291,273.0
Jefferson Memorial,50.402872777017784,73689,109.63142886967283,32.31055931071914,21.103309680453588,0.7437893433235269,274.0
American University East Campus,13.906292749658002,20331,117.23882052264267,13.030993499888869,10.47738198297699,0.7471094453645157,275.0
34th & Water St NW,21.803009575923394,31876,128.5717119722545,14.910860853657907,11.308914873929567,0.743755982013393,276.0
Gravelly Point,29.488372093023255,43112,131.2313047563699,20.179283238836845,15.083689956949241,0.779912503395099,277.0
24th & R St NE / National Arboretum,10.101231190150479,14768,137.97366753246712,9.295025572165331,6.341371582376293,0.5800231094515613,278.0
